Région siège	Département siège	Arrondissement siège	Commune siège	N° SIREN	Nom du groupement	Nature juridique	Syndicat à la carte	Groupement interdépartemental	Date de création	Date d'effet	Mode de répartition des sièges	Autre mode de répartition des sièges	Nombre de membres	Population	Nombre de compétences exercées	Mode de financement	DGF Bonifiée	DSC	REOM	Autre redevance	TEOM	Autre taxe	Civilité Président	Prénom Président	Nom Président	Adresse du siège_1	Adresse du siège_2	Adresse du siège_3	Code postal du siège Ville du siège	Téléphone du siège	Fax du siège	Courriel du siège	Site internet	Adresse annexe_1	Adresse annexe_2	Adresse annexe_3	Code postal annexe Ville annexe	Téléphone annexe	Fax annexe	Type	Siren membre	Nom membre	Représentation-substitution	Compétence conservée	Population membre	Adhésion siren 	Adhésion nom 	Adhésion population 	C1004	C1010	C1015	C1020	C1025	C1030	C1502	C1505	C1507	C1510	C1515	C1520	C1525	C1528	C1529	C1530	C1531	C1532	C1533	C1534	C1535	C1540	C1545	C1550	C1555	C1560	C2005	C2010	C2015	C2510	C2515	C2520	C2521	C2525	C2526	C3005	C3010	C3015	C3020	C3025	C3210	C3220	C3505	C3510	C3515	C4005	C4006	C4007	C4008	C4010	C4015	C4016	C4017	C4020	C4025	C4505	C4510	C4515	C4520	C4525	C4530	C4531	C4532	C4535	C4540	C4545	C4550	C4555	C4560	C5005	C5010	C5015	C5210	C5220	C5505	C5510	C5515	C5520	C5525	C5530	C5535	C5540	C5545	C5550	C5555	C7005	C7010	C7012	C7015	C7020	C7025	C7030	C9905	C9910	C9915	C9920	C9922	C9923	C9924	C9925	C9930	C9935	C9940	C9950	C9999	
93 - Provence-Alpes-Côte d'Azur	13 - Bouches-du-Rhône	3 - Marseille	211300553 - Marseille	200054807	Métropole d'Aix-Marseille-Provence	METRO	0	1	2015-08-28	2016-01-01	ACCOR		92	1933030	59	FPU	0	1	0		1		Mme	Martine	VASSAL	Le Pharo 	58 Boulevard Charles Livon		13007 MARSEILLE	04 91 13 56 00	04 91 13 56 01			Tour la Marseillaise -	2 bis Quai d'Arenc		13002 MARSEILLE	    	04 91 13 56 01	Commune	211300017	Aix-en-Provence			150641	251302048	SM interrégional d'aménagement des digues du Rhône et de la Mer (SYMADREM)	164946	1	0	0	0	1	0	1	1	1	1	0	1	1	1	1	0	1	1	1	0	0	1	0	1	1	1	0	1	0	0	0	0	0	0	0	1	1	0	0	0	0	0	1	0	0	0	0	0	1	1	0	0	1	1	0	1	1	1	1	1	1	1	1	1	0	0	1	1	0	1	1	1	1	0	1	1	1	0	1	1	1	1	1	1	1	1	1	1	0	1	1	1	0	0	0	0	0	0	0	1	1	1	0	0	0	
93 - Provence-Alpes-Côte d'Azur	13 - Bouches-du-Rhône	3 - Marseille	211300553 - Marseille	200054807	Métropole d'Aix-Marseille-Provence	METRO	0	1	2015-08-28	2016-01-01	ACCOR		92	1933030	59	FPU	0	1	0		1		Mme	Martine	VASSAL	Le Pharo 	58 Boulevard Charles Livon		13007 MARSEILLE	04 91 13 56 00	04 91 13 56 01			Tour la Marseillaise -	2 bis Quai d'Arenc		13002 MARSEILLE	    	04 91 13 56 01	Commune	211300025	Allauch			21717	258402304	SM d'aménagement de la vallée de la Durance (SMAVD)	348805	1	0	0	0	1	0	1	1	1	1	0	1	1	1	1	0	1	1	1	0	0	1	0	1	1	1	0	1	0	0	0	0	0	0	0	1	1	0	0	0	0	0	1	0	0	0	0	0	1	1	0	0	1	1	0	1	1	1	1	1	1	1	1	1	0	0	1	1	0	1	1	1	1	0	1	1	1	0	1	1	1	1	1	1	1	1	1	1	0	1	1	1	0	0	0	0	0	0	0	1	1	1	0	0	0	
93 - Provence-Alpes-Côte d'Azur	13 - Bouches-du-Rhône	3 - Marseille	211300553 - Marseille	200054807	Métropole d'Aix-Marseille-Provence	METRO	0	1	2015-08-28	2016-01-01	ACCOR		92	1933030	59	FPU	0	1	0		1		Mme	Martine	VASSAL	Le Pharo 	58 Boulevard Charles Livon		13007 MARSEILLE	04 91 13 56 00	04 91 13 56 01			Tour la Marseillaise -	2 bis Quai d'Arenc		13002 MARSEILLE	    	04 91 13 56 01	Commune	211300033	Alleins			2833	200079952	SM d'aménagement et d'entretien du bassin de l'Eze	26016	1	0	0	0	1	0	1	1	1	1	0	1	1	1	1	0	1	1	1	0	0	1	0	1	1	1	0	1	0	0	0	0	0	0	0	1	1	0	0	0	0	0	1	0	0	0	0	0	1	1	0	0	1	1	0	1	1	1	1	1	1	1	1	1	0	0	1	1	0	1	1	1	1	0	1	1	1	0	1	1	1	1	1	1	1	1	1	1	0	1	1	1	0	0	0	0	0	0	0	1	1	1	0	0	0	
93 - Provence-Alpes-Côte d'Azur	13 - Bouches-du-Rhône	3 - Marseille	211300553 - Marseille	200054807	Métropole d'Aix-Marseille-Provence	METRO	0	1	2015-08-28	2016-01-01	ACCOR		92	1933030	59	FPU	0	1	0		1		Mme	Martine	VASSAL	Le Pharo 	58 Boulevard Charles Livon		13007 MARSEILLE	04 91 13 56 00	04 91 13 56 01			Tour la Marseillaise -	2 bis Quai d'Arenc		13002 MARSEILLE	    	04 91 13 56 01	Commune	211300058	Aubagne			47747	200002087	SM de gestion des nappes de la Crau	98787	1	0	0	0	1	0	1	1	1	1	0	1	1	1	1	0	1	1	1	0	0	1	0	1	1	1	0	1	0	0	0	0	0	0	0	1	1	0	0	0	0	0	1	0	0	0	0	0	1	1	0	0	1	1	0	1	1	1	1	1	1	1	1	1	0	0	1	1	0	1	1	1	1	0	1	1	1	0	1	1	1	1	1	1	1	1	1	1	0	1	1	1	0	0	0	0	0	0	0	1	1	1	0	0	0	
93 - Provence-Alpes-Côte d'Azur	13 - Bouches-du-Rhône	3 - Marseille	211300553 - Marseille	200054807	Métropole d'Aix-Marseille-Provence	METRO	0	1	2015-08-28	2016-01-01	ACCOR		92	1933030	59	FPU	0	1	0		1		Mme	Martine	VASSAL	Le Pharo 	58 Boulevard Charles Livon		13007 MARSEILLE	04 91 13 56 00	04 91 13 56 01			Tour la Marseillaise -	2 bis Quai d'Arenc		13002 MARSEILLE	    	04 91 13 56 01	Commune	211300074	Auriol			12990	200089167	Etablissement Public d'aménagement et de gestion des eaux (EPAGE MENELIK)	315427	1	0	0	0	1	0	1	1	1	1	0	1	1	1	1	0	1	1	1	0	0	1	0	1	1	1	0	1	0	0	0	0	0	0	0	1	1	0	0	0	0	0	1	0	0	0	0	0	1	1	0	0	1	1	0	1	1	1	1	1	1	1	1	1	0	0	1	1	0	1	1	1	1	0	1	1	1	0	1	1	1	1	1	1	1	1	1	1	0	1	1	1	0	0	0	0	0	0	0	1	1	1	0	0	0	
93 - Provence-Alpes-Côte d'Azur	13 - Bouches-du-Rhône	3 - Marseille	211300553 - Marseille	200054807	Métropole d'Aix-Marseille-Provence	METRO	0	1	2015-08-28	2016-01-01	ACCOR		92	1933030	59	FPU	0	1	0		1		Mme	Martine	VASSAL	Le Pharo 	58 Boulevard Charles Livon		13007 MARSEILLE	04 91 13 56 00	04 91 13 56 01			Tour la Marseillaise -	2 bis Quai d'Arenc		13002 MARSEILLE	    	04 91 13 56 01	Commune	211300082	Aurons			580	200090264	SM Provence fluviale	2017647	1	0	0	0	1	0	1	1	1	1	0	1	1	1	1	0	1	1	1	0	0	1	0	1	1	1	0	1	0	0	0	0	0	0	0	1	1	0	0	0	0	0	1	0	0	0	0	0	1	1	0	0	1	1	0	1	1	1	1	1	1	1	1	1	0	0	1	1	0	1	1	1	1	0	1	1	1	0	1	1	1	1	1	1	1	1	1	1	0	1	1	1	0	0	0	0	0	0	0	1	1	1	0	0	0	
93 - Provence-Alpes-Côte d'Azur	13 - Bouches-du-Rhône	3 - Marseille	211300553 - Marseille	200054807	Métropole d'Aix-Marseille-Provence	METRO	0	1	2015-08-28	2016-01-01	ACCOR		92	1933030	59	FPU	0	1	0		1		Mme	Martine	VASSAL	Le Pharo 	58 Boulevard Charles Livon		13007 MARSEILLE	04 91 13 56 00	04 91 13 56 01			Tour la Marseillaise -	2 bis Quai d'Arenc		13002 MARSEILLE	    	04 91 13 56 01	Commune	211300124	Beaurecueil			664	251301545	SM d'énergie du département des Bouches-du-Rhône (SMED 13)	1201760	1	0	0	0	1	0	1	1	1	1	0	1	1	1	1	0	1	1	1	0	0	1	0	1	1	1	0	1	0	0	0	0	0	0	0	1	1	0	0	0	0	0	1	0	0	0	0	0	1	1	0	0	1	1	0	1	1	1	1	1	1	1	1	1	0	0	1	1	0	1	1	1	1	0	1	1	1	0	1	1	1	1	1	1	1	1	1	1	0	1	1	1	0	0	0	0	0	0	0	1	1	1	0	0	0	
93 - Provence-Alpes-Côte d'Azur	13 - Bouches-du-Rhône	3 - Marseille	211300553 - Marseille	200054807	Métropole d'Aix-Marseille-Provence	METRO	0	1	2015-08-28	2016-01-01	ACCOR		92	1933030	59	FPU	0	1	0		1		Mme	Martine	VASSAL	Le Pharo 	58 Boulevard Charles Livon		13007 MARSEILLE	04 91 13 56 00	04 91 13 56 01			Tour la Marseillaise -	2 bis Quai d'Arenc		13002 MARSEILLE	    	04 91 13 56 01	Commune	211300132	Belcodène			1984	251302014	SM de gestion du Parc naturel régional des Alpilles	2048597	1	0	0	0	1	0	1	1	1	1	0	1	1	1	1	0	1	1	1	0	0	1	0	1	1	1	0	1	0	0	0	0	0	0	0	1	1	0	0	0	0	0	1	0	0	0	0	0	1	1	0	0	1	1	0	1	1	1	1	1	1	1	1	1	0	0	1	1	0	1	1	1	1	0	1	1	1	0	1	1	1	1	1	1	1	1	1	1	0	1	1	1	0	0	0	0	0	0	0	1	1	1	0	0	0	
93 - Provence-Alpes-Côte d'Azur	13 - Bouches-du-Rhône	3 - Marseille	211300553 - Marseille	200054807	Métropole d'Aix-Marseille-Provence	METRO	0	1	2015-08-28	2016-01-01	ACCOR		92	1933030	59	FPU	0	1	0		1		Mme	Martine	VASSAL	Le Pharo 	58 Boulevard Charles Livon		13007 MARSEILLE	04 91 13 56 00	04 91 13 56 01			Tour la Marseillaise -	2 bis Quai d'Arenc		13002 MARSEILLE	    	04 91 13 56 01	Commune	211300140	Berre-l'Étang			13983	200088474	Etablissement Public d'Aménagement et de Gestion des Eaux Huveaune-Côtiers-Aygalades (EPAGE HuCA)	957145	1	0	0	0	1	0	1	1	1	1	0	1	1	1	1	0	1	1	1	0	0	1	0	1	1	1	0	1	0	0	0	0	0	0	0	1	1	0	0	0	0	0	1	0	0	0	0	0	1	1	0	0	1	1	0	1	1	1	1	1	1	1	1	1	0	0	1	1	0	1	1	1	1	0	1	1	1	0	1	1	1	1	1	1	1	1	1	1	0	1	1	1	0	0	0	0	0	0	0	1	1	1	0	0	0	
93 - Provence-Alpes-Côte d'Azur	13 - Bouches-du-Rhône	3 - Marseille	211300553 - Marseille	200054807	Métropole d'Aix-Marseille-Provence	METRO	0	1	2015-08-28	2016-01-01	ACCOR		92	1933030	59	FPU	0	1	0		1		Mme	Martine	VASSAL	Le Pharo 	58 Boulevard Charles Livon		13007 MARSEILLE	04 91 13 56 00	04 91 13 56 01			Tour la Marseillaise -	2 bis Quai d'Arenc		13002 MARSEILLE	    	04 91 13 56 01	Commune	211300157	Bouc-Bel-Air			15501	258402585	SM de défense et de valorisation forestière (SMDVF)	561677	1	0	0	0	1	0	1	1	1	1	0	1	1	1	1	0	1	1	1	0	0	1	0	1	1	1	0	1	0	0	0	0	0	0	0	1	1	0	0	0	0	0	1	0	0	0	0	0	1	1	0	0	1	1	0	1	1	1	1	1	1	1	1	1	0	0	1	1	0	1	1	1	1	0	1	1	1	0	1	1	1	1	1	1	1	1	1	1	0	1	1	1	0	0	0	0	0	0	0	1	1	1	0	0	0	
93 - Provence-Alpes-Côte d'Azur	13 - Bouches-du-Rhône	3 - Marseille	211300553 - Marseille	200054807	Métropole d'Aix-Marseille-Provence	METRO	0	1	2015-08-28	2016-01-01	ACCOR		92	1933030	59	FPU	0	1	0		1		Mme	Martine	VASSAL	Le Pharo 	58 Boulevard Charles Livon		13007 MARSEILLE	04 91 13 56 00	04 91 13 56 01			Tour la Marseillaise -	2 bis Quai d'Arenc		13002 MARSEILLE	    	04 91 13 56 01	Commune	211300199	Cabriès			10399	200078863	Syndicat Durance Lubéron	54387	1	0	0	0	1	0	1	1	1	1	0	1	1	1	1	0	1	1	1	0	0	1	0	1	1	1	0	1	0	0	0	0	0	0	0	1	1	0	0	0	0	0	1	0	0	0	0	0	1	1	0	0	1	1	0	1	1	1	1	1	1	1	1	1	0	0	1	1	0	1	1	1	1	0	1	1	1	0	1	1	1	1	1	1	1	1	1	1	0	1	1	1	0	0	0	0	0	0	0	1	1	1	0	0	0	
93 - Provence-Alpes-Côte d'Azur	13 - Bouches-du-Rhône	3 - Marseille	211300553 - Marseille	200054807	Métropole d'Aix-Marseille-Provence	METRO	0	1	2015-08-28	2016-01-01	ACCOR		92	1933030	59	FPU	0	1	0		1		Mme	Martine	VASSAL	Le Pharo 	58 Boulevard Charles Livon		13007 MARSEILLE	04 91 13 56 00	04 91 13 56 01			Tour la Marseillaise -	2 bis Quai d'Arenc		13002 MARSEILLE	    	04 91 13 56 01	Commune	211300207	Cadolive			2247	251302295	SM pour la gestion du Parc naturel régional de Camargue	2017647	1	0	0	0	1	0	1	1	1	1	0	1	1	1	1	0	1	1	1	0	0	1	0	1	1	1	0	1	0	0	0	0	0	0	0	1	1	0	0	0	0	0	1	0	0	0	0	0	1	1	0	0	1	1	0	1	1	1	1	1	1	1	1	1	0	0	1	1	0	1	1	1	1	0	1	1	1	0	1	1	1	1	1	1	1	1	1	1	0	1	1	1	0	0	0	0	0	0	0	1	1	1	0	0	0	
93 - Provence-Alpes-Côte d'Azur	13 - Bouches-du-Rhône	3 - Marseille	211300553 - Marseille	200054807	Métropole d'Aix-Marseille-Provence	METRO	0	1	2015-08-28	2016-01-01	ACCOR		92	1933030	59	FPU	0	1	0		1		Mme	Martine	VASSAL	Le Pharo 	58 Boulevard Charles Livon		13007 MARSEILLE	04 91 13 56 00	04 91 13 56 01			Tour la Marseillaise -	2 bis Quai d'Arenc		13002 MARSEILLE	    	04 91 13 56 01	Commune	211301197	Carnoux-en-Provence			6827	200035913	Syndicat d'Energie Vauclusien	305634	1	0	0	0	1	0	1	1	1	1	0	1	1	1	1	0	1	1	1	0	0	1	0	1	1	1	0	1	0	0	0	0	0	0	0	1	1	0	0	0	0	0	1	0	0	0	0	0	1	1	0	0	1	1	0	1	1	1	1	1	1	1	1	1	0	0	1	1	0	1	1	1	1	0	1	1	1	0	1	1	1	1	1	1	1	1	1	1	0	1	1	1	0	0	0	0	0	0	0	1	1	1	0	0	0	
93 - Provence-Alpes-Côte d'Azur	13 - Bouches-du-Rhône	3 - Marseille	211300553 - Marseille	200054807	Métropole d'Aix-Marseille-Provence	METRO	0	1	2015-08-28	2016-01-01	ACCOR		92	1933030	59	FPU	0	1	0		1		Mme	Martine	VASSAL	Le Pharo 	58 Boulevard Charles Livon		13007 MARSEILLE	04 91 13 56 00	04 91 13 56 01			Tour la Marseillaise -	2 bis Quai d'Arenc		13002 MARSEILLE	    	04 91 13 56 01	Commune	211300215	Carry-le-Rouet			5834				1	0	0	0	1	0	1	1	1	1	0	1	1	1	1	0	1	1	1	0	0	1	0	1	1	1	0	1	0	0	0	0	0	0	0	1	1	0	0	0	0	0	1	0	0	0	0	0	1	1	0	0	1	1	0	1	1	1	1	1	1	1	1	1	0	0	1	1	0	1	1	1	1	0	1	1	1	0	1	1	1	1	1	1	1	1	1	1	0	1	1	1	0	0	0	0	0	0	0	1	1	1	0	0	0	
93 - Provence-Alpes-Côte d'Azur	13 - Bouches-du-Rhône	3 - Marseille	211300553 - Marseille	200054807	Métropole d'Aix-Marseille-Provence	METRO	0	1	2015-08-28	2016-01-01	ACCOR		92	1933030	59	FPU	0	1	0		1		Mme	Martine	VASSAL	Le Pharo 	58 Boulevard Charles Livon		13007 MARSEILLE	04 91 13 56 00	04 91 13 56 01			Tour la Marseillaise -	2 bis Quai d'Arenc		13002 MARSEILLE	    	04 91 13 56 01	Commune	211300223	Cassis			6822				1	0	0	0	1	0	1	1	1	1	0	1	1	1	1	0	1	1	1	0	0	1	0	1	1	1	0	1	0	0	0	0	0	0	0	1	1	0	0	0	0	0	1	0	0	0	0	0	1	1	0	0	1	1	0	1	1	1	1	1	1	1	1	1	0	0	1	1	0	1	1	1	1	0	1	1	1	0	1	1	1	1	1	1	1	1	1	1	0	1	1	1	0	0	0	0	0	0	0	1	1	1	0	0	0	
93 - Provence-Alpes-Côte d'Azur	13 - Bouches-du-Rhône	3 - Marseille	211300553 - Marseille	200054807	Métropole d'Aix-Marseille-Provence	METRO	0	1	2015-08-28	2016-01-01	ACCOR		92	1933030	59	FPU	0	1	0		1		Mme	Martine	VASSAL	Le Pharo 	58 Boulevard Charles Livon		13007 MARSEILLE	04 91 13 56 00	04 91 13 56 01			Tour la Marseillaise -	2 bis Quai d'Arenc		13002 MARSEILLE	    	04 91 13 56 01	Commune	211300231	Ceyreste			4921				1	0	0	0	1	0	1	1	1	1	0	1	1	1	1	0	1	1	1	0	0	1	0	1	1	1	0	1	0	0	0	0	0	0	0	1	1	0	0	0	0	0	1	0	0	0	0	0	1	1	0	0	1	1	0	1	1	1	1	1	1	1	1	1	0	0	1	1	0	1	1	1	1	0	1	1	1	0	1	1	1	1	1	1	1	1	1	1	0	1	1	1	0	0	0	0	0	0	0	1	1	1	0	0	0	
93 - Provence-Alpes-Côte d'Azur	13 - Bouches-du-Rhône	3 - Marseille	211300553 - Marseille	200054807	Métropole d'Aix-Marseille-Provence	METRO	0	1	2015-08-28	2016-01-01	ACCOR		92	1933030	59	FPU	0	1	0		1		Mme	Martine	VASSAL	Le Pharo 	58 Boulevard Charles Livon		13007 MARSEILLE	04 91 13 56 00	04 91 13 56 01			Tour la Marseillaise -	2 bis Quai d'Arenc		13002 MARSEILLE	    	04 91 13 56 01	Commune	211300249	Charleval			2664				1	0	0	0	1	0	1	1	1	1	0	1	1	1	1	0	1	1	1	0	0	1	0	1	1	1	0	1	0	0	0	0	0	0	0	1	1	0	0	0	0	0	1	0	0	0	0	0	1	1	0	0	1	1	0	1	1	1	1	1	1	1	1	1	0	0	1	1	0	1	1	1	1	0	1	1	1	0	1	1	1	1	1	1	1	1	1	1	0	1	1	1	0	0	0	0	0	0	0	1	1	1	0	0	0	
93 - Provence-Alpes-Côte d'Azur	13 - Bouches-du-Rhône	3 - Marseille	211300553 - Marseille	200054807	Métropole d'Aix-Marseille-Provence	METRO	0	1	2015-08-28	2016-01-01	ACCOR		92	1933030	59	FPU	0	1	0		1		Mme	Martine	VASSAL	Le Pharo 	58 Boulevard Charles Livon		13007 MARSEILLE	04 91 13 56 00	04 91 13 56 01			Tour la Marseillaise -	2 bis Quai d'Arenc		13002 MARSEILLE	    	04 91 13 56 01	Commune	211300256	Châteauneuf-le-Rouge			2432				1	0	0	0	1	0	1	1	1	1	0	1	1	1	1	0	1	1	1	0	0	1	0	1	1	1	0	1	0	0	0	0	0	0	0	1	1	0	0	0	0	0	1	0	0	0	0	0	1	1	0	0	1	1	0	1	1	1	1	1	1	1	1	1	0	0	1	1	0	1	1	1	1	0	1	1	1	0	1	1	1	1	1	1	1	1	1	1	0	1	1	1	0	0	0	0	0	0	0	1	1	1	0	0	0	
93 - Provence-Alpes-Côte d'Azur	13 - Bouches-du-Rhône	3 - Marseille	211300553 - Marseille	200054807	Métropole d'Aix-Marseille-Provence	METRO	0	1	2015-08-28	2016-01-01	ACCOR		92	1933030	59	FPU	0	1	0		1		Mme	Martine	VASSAL	Le Pharo 	58 Boulevard Charles Livon		13007 MARSEILLE	04 91 13 56 00	04 91 13 56 01			Tour la Marseillaise -	2 bis Quai d'Arenc		13002 MARSEILLE	    	04 91 13 56 01	Commune	211300264	Châteauneuf-les-Martigues			17986				1	0	0	0	1	0	1	1	1	1	0	1	1	1	1	0	1	1	1	0	0	1	0	1	1	1	0	1	0	0	0	0	0	0	0	1	1	0	0	0	0	0	1	0	0	0	0	0	1	1	0	0	1	1	0	1	1	1	1	1	1	1	1	1	0	0	1	1	0	1	1	1	1	0	1	1	1	0	1	1	1	1	1	1	1	1	1	1	0	1	1	1	0	0	0	0	0	0	0	1	1	1	0	0	0	
93 - Provence-Alpes-Côte d'Azur	13 - Bouches-du-Rhône	3 - Marseille	211300553 - Marseille	200054807	Métropole d'Aix-Marseille-Provence	METRO	0	1	2015-08-28	2016-01-01	ACCOR		92	1933030	59	FPU	0	1	0		1		Mme	Martine	VASSAL	Le Pharo 	58 Boulevard Charles Livon		13007 MARSEILLE	04 91 13 56 00	04 91 13 56 01			Tour la Marseillaise -	2 bis Quai d'Arenc		13002 MARSEILLE	    	04 91 13 56 01	Commune	211300298	Cornillon-Confoux			1602				1	0	0	0	1	0	1	1	1	1	0	1	1	1	1	0	1	1	1	0	0	1	0	1	1	1	0	1	0	0	0	0	0	0	0	1	1	0	0	0	0	0	1	0	0	0	0	0	1	1	0	0	1	1	0	1	1	1	1	1	1	1	1	1	0	0	1	1	0	1	1	1	1	0	1	1	1	0	1	1	1	1	1	1	1	1	1	1	0	1	1	1	0	0	0	0	0	0	0	1	1	1	0	0	0	
93 - Provence-Alpes-Côte d'Azur	13 - Bouches-du-Rhône	3 - Marseille	211300553 - Marseille	200054807	Métropole d'Aix-Marseille-Provence	METRO	0	1	2015-08-28	2016-01-01	ACCOR		92	1933030	59	FPU	0	1	0		1		Mme	Martine	VASSAL	Le Pharo 	58 Boulevard Charles Livon		13007 MARSEILLE	04 91 13 56 00	04 91 13 56 01			Tour la Marseillaise -	2 bis Quai d'Arenc		13002 MARSEILLE	    	04 91 13 56 01	Commune	211301189	Coudoux			3804				1	0	0	0	1	0	1	1	1	1	0	1	1	1	1	0	1	1	1	0	0	1	0	1	1	1	0	1	0	0	0	0	0	0	0	1	1	0	0	0	0	0	1	0	0	0	0	0	1	1	0	0	1	1	0	1	1	1	1	1	1	1	1	1	0	0	1	1	0	1	1	1	1	0	1	1	1	0	1	1	1	1	1	1	1	1	1	1	0	1	1	1	0	0	0	0	0	0	0	1	1	1	0	0	0	
93 - Provence-Alpes-Côte d'Azur	13 - Bouches-du-Rhône	3 - Marseille	211300553 - Marseille	200054807	Métropole d'Aix-Marseille-Provence	METRO	0	1	2015-08-28	2016-01-01	ACCOR		92	1933030	59	FPU	0	1	0		1		Mme	Martine	VASSAL	Le Pharo 	58 Boulevard Charles Livon		13007 MARSEILLE	04 91 13 56 00	04 91 13 56 01			Tour la Marseillaise -	2 bis Quai d'Arenc		13002 MARSEILLE	    	04 91 13 56 01	Commune	211300306	Cuges-les-Pins			5721				1	0	0	0	1	0	1	1	1	1	0	1	1	1	1	0	1	1	1	0	0	1	0	1	1	1	0	1	0	0	0	0	0	0	0	1	1	0	0	0	0	0	1	0	0	0	0	0	1	1	0	0	1	1	0	1	1	1	1	1	1	1	1	1	0	0	1	1	0	1	1	1	1	0	1	1	1	0	1	1	1	1	1	1	1	1	1	1	0	1	1	1	0	0	0	0	0	0	0	1	1	1	0	0	0	
93 - Provence-Alpes-Côte d'Azur	13 - Bouches-du-Rhône	3 - Marseille	211300553 - Marseille	200054807	Métropole d'Aix-Marseille-Provence	METRO	0	1	2015-08-28	2016-01-01	ACCOR		92	1933030	59	FPU	0	1	0		1		Mme	Martine	VASSAL	Le Pharo 	58 Boulevard Charles Livon		13007 MARSEILLE	04 91 13 56 00	04 91 13 56 01			Tour la Marseillaise -	2 bis Quai d'Arenc		13002 MARSEILLE	    	04 91 13 56 01	Commune	211300322	Éguilles			8383				1	0	0	0	1	0	1	1	1	1	0	1	1	1	1	0	1	1	1	0	0	1	0	1	1	1	0	1	0	0	0	0	0	0	0	1	1	0	0	0	0	0	1	0	0	0	0	0	1	1	0	0	1	1	0	1	1	1	1	1	1	1	1	1	0	0	1	1	0	1	1	1	1	0	1	1	1	0	1	1	1	1	1	1	1	1	1	1	0	1	1	1	0	0	0	0	0	0	0	1	1	1	0	0	0	
93 - Provence-Alpes-Côte d'Azur	13 - Bouches-du-Rhône	3 - Marseille	211300553 - Marseille	200054807	Métropole d'Aix-Marseille-Provence	METRO	0	1	2015-08-28	2016-01-01	ACCOR		92	1933030	59	FPU	0	1	0		1		Mme	Martine	VASSAL	Le Pharo 	58 Boulevard Charles Livon		13007 MARSEILLE	04 91 13 56 00	04 91 13 56 01			Tour la Marseillaise -	2 bis Quai d'Arenc		13002 MARSEILLE	    	04 91 13 56 01	Commune	211300330	Ensuès-la-Redonne			5866				1	0	0	0	1	0	1	1	1	1	0	1	1	1	1	0	1	1	1	0	0	1	0	1	1	1	0	1	0	0	0	0	0	0	0	1	1	0	0	0	0	0	1	0	0	0	0	0	1	1	0	0	1	1	0	1	1	1	1	1	1	1	1	1	0	0	1	1	0	1	1	1	1	0	1	1	1	0	1	1	1	1	1	1	1	1	1	1	0	1	1	1	0	0	0	0	0	0	0	1	1	1	0	0	0	
93 - Provence-Alpes-Côte d'Azur	13 - Bouches-du-Rhône	3 - Marseille	211300553 - Marseille	200054807	Métropole d'Aix-Marseille-Provence	METRO	0	1	2015-08-28	2016-01-01	ACCOR		92	1933030	59	FPU	0	1	0		1		Mme	Martine	VASSAL	Le Pharo 	58 Boulevard Charles Livon		13007 MARSEILLE	04 91 13 56 00	04 91 13 56 01			Tour la Marseillaise -	2 bis Quai d'Arenc		13002 MARSEILLE	    	04 91 13 56 01	Commune	211300355	Eyguières			7048				1	0	0	0	1	0	1	1	1	1	0	1	1	1	1	0	1	1	1	0	0	1	0	1	1	1	0	1	0	0	0	0	0	0	0	1	1	0	0	0	0	0	1	0	0	0	0	0	1	1	0	0	1	1	0	1	1	1	1	1	1	1	1	1	0	0	1	1	0	1	1	1	1	0	1	1	1	0	1	1	1	1	1	1	1	1	1	1	0	1	1	1	0	0	0	0	0	0	0	1	1	1	0	0	0	
93 - Provence-Alpes-Côte d'Azur	13 - Bouches-du-Rhône	3 - Marseille	211300553 - Marseille	200054807	Métropole d'Aix-Marseille-Provence	METRO	0	1	2015-08-28	2016-01-01	ACCOR		92	1933030	59	FPU	0	1	0		1		Mme	Martine	VASSAL	Le Pharo 	58 Boulevard Charles Livon		13007 MARSEILLE	04 91 13 56 00	04 91 13 56 01			Tour la Marseillaise -	2 bis Quai d'Arenc		13002 MARSEILLE	    	04 91 13 56 01	Commune	211300397	Fos-sur-Mer			15658				1	0	0	0	1	0	1	1	1	1	0	1	1	1	1	0	1	1	1	0	0	1	0	1	1	1	0	1	0	0	0	0	0	0	0	1	1	0	0	0	0	0	1	0	0	0	0	0	1	1	0	0	1	1	0	1	1	1	1	1	1	1	1	1	0	0	1	1	0	1	1	1	1	0	1	1	1	0	1	1	1	1	1	1	1	1	1	1	0	1	1	1	0	0	0	0	0	0	0	1	1	1	0	0	0	
93 - Provence-Alpes-Côte d'Azur	13 - Bouches-du-Rhône	3 - Marseille	211300553 - Marseille	200054807	Métropole d'Aix-Marseille-Provence	METRO	0	1	2015-08-28	2016-01-01	ACCOR		92	1933030	59	FPU	0	1	0		1		Mme	Martine	VASSAL	Le Pharo 	58 Boulevard Charles Livon		13007 MARSEILLE	04 91 13 56 00	04 91 13 56 01			Tour la Marseillaise -	2 bis Quai d'Arenc		13002 MARSEILLE	    	04 91 13 56 01	Commune	211300405	Fuveau			10315				1	0	0	0	1	0	1	1	1	1	0	1	1	1	1	0	1	1	1	0	0	1	0	1	1	1	0	1	0	0	0	0	0	0	0	1	1	0	0	0	0	0	1	0	0	0	0	0	1	1	0	0	1	1	0	1	1	1	1	1	1	1	1	1	0	0	1	1	0	1	1	1	1	0	1	1	1	0	1	1	1	1	1	1	1	1	1	1	0	1	1	1	0	0	0	0	0	0	0	1	1	1	0	0	0	
93 - Provence-Alpes-Côte d'Azur	13 - Bouches-du-Rhône	3 - Marseille	211300553 - Marseille	200054807	Métropole d'Aix-Marseille-Provence	METRO	0	1	2015-08-28	2016-01-01	ACCOR		92	1933030	59	FPU	0	1	0		1		Mme	Martine	VASSAL	Le Pharo 	58 Boulevard Charles Livon		13007 MARSEILLE	04 91 13 56 00	04 91 13 56 01			Tour la Marseillaise -	2 bis Quai d'Arenc		13002 MARSEILLE	    	04 91 13 56 01	Commune	211300413	Gardanne			21510				1	0	0	0	1	0	1	1	1	1	0	1	1	1	1	0	1	1	1	0	0	1	0	1	1	1	0	1	0	0	0	0	0	0	0	1	1	0	0	0	0	0	1	0	0	0	0	0	1	1	0	0	1	1	0	1	1	1	1	1	1	1	1	1	0	0	1	1	0	1	1	1	1	0	1	1	1	0	1	1	1	1	1	1	1	1	1	1	0	1	1	1	0	0	0	0	0	0	0	1	1	1	0	0	0	
93 - Provence-Alpes-Côte d'Azur	13 - Bouches-du-Rhône	3 - Marseille	211300553 - Marseille	200054807	Métropole d'Aix-Marseille-Provence	METRO	0	1	2015-08-28	2016-01-01	ACCOR		92	1933030	59	FPU	0	1	0		1		Mme	Martine	VASSAL	Le Pharo 	58 Boulevard Charles Livon		13007 MARSEILLE	04 91 13 56 00	04 91 13 56 01			Tour la Marseillaise -	2 bis Quai d'Arenc		13002 MARSEILLE	    	04 91 13 56 01	Commune	211300421	Gémenos			6920				1	0	0	0	1	0	1	1	1	1	0	1	1	1	1	0	1	1	1	0	0	1	0	1	1	1	0	1	0	0	0	0	0	0	0	1	1	0	0	0	0	0	1	0	0	0	0	0	1	1	0	0	1	1	0	1	1	1	1	1	1	1	1	1	0	0	1	1	0	1	1	1	1	0	1	1	1	0	1	1	1	1	1	1	1	1	1	1	0	1	1	1	0	0	0	0	0	0	0	1	1	1	0	0	0	
93 - Provence-Alpes-Côte d'Azur	13 - Bouches-du-Rhône	3 - Marseille	211300553 - Marseille	200054807	Métropole d'Aix-Marseille-Provence	METRO	0	1	2015-08-28	2016-01-01	ACCOR		92	1933030	59	FPU	0	1	0		1		Mme	Martine	VASSAL	Le Pharo 	58 Boulevard Charles Livon		13007 MARSEILLE	04 91 13 56 00	04 91 13 56 01			Tour la Marseillaise -	2 bis Quai d'Arenc		13002 MARSEILLE	    	04 91 13 56 01	Commune	211300439	Gignac-la-Nerthe			10179				1	0	0	0	1	0	1	1	1	1	0	1	1	1	1	0	1	1	1	0	0	1	0	1	1	1	0	1	0	0	0	0	0	0	0	1	1	0	0	0	0	0	1	0	0	0	0	0	1	1	0	0	1	1	0	1	1	1	1	1	1	1	1	1	0	0	1	1	0	1	1	1	1	0	1	1	1	0	1	1	1	1	1	1	1	1	1	1	0	1	1	1	0	0	0	0	0	0	0	1	1	1	0	0	0	
93 - Provence-Alpes-Côte d'Azur	13 - Bouches-du-Rhône	3 - Marseille	211300553 - Marseille	200054807	Métropole d'Aix-Marseille-Provence	METRO	0	1	2015-08-28	2016-01-01	ACCOR		92	1933030	59	FPU	0	1	0		1		Mme	Martine	VASSAL	Le Pharo 	58 Boulevard Charles Livon		13007 MARSEILLE	04 91 13 56 00	04 91 13 56 01			Tour la Marseillaise -	2 bis Quai d'Arenc		13002 MARSEILLE	    	04 91 13 56 01	Commune	211300447	Grans			5360				1	0	0	0	1	0	1	1	1	1	0	1	1	1	1	0	1	1	1	0	0	1	0	1	1	1	0	1	0	0	0	0	0	0	0	1	1	0	0	0	0	0	1	0	0	0	0	0	1	1	0	0	1	1	0	1	1	1	1	1	1	1	1	1	0	0	1	1	0	1	1	1	1	0	1	1	1	0	1	1	1	1	1	1	1	1	1	1	0	1	1	1	0	0	0	0	0	0	0	1	1	1	0	0	0	
93 - Provence-Alpes-Côte d'Azur	13 - Bouches-du-Rhône	3 - Marseille	211300553 - Marseille	200054807	Métropole d'Aix-Marseille-Provence	METRO	0	1	2015-08-28	2016-01-01	ACCOR		92	1933030	59	FPU	0	1	0		1		Mme	Martine	VASSAL	Le Pharo 	58 Boulevard Charles Livon		13007 MARSEILLE	04 91 13 56 00	04 91 13 56 01			Tour la Marseillaise -	2 bis Quai d'Arenc		13002 MARSEILLE	    	04 91 13 56 01	Commune	211300462	Gréasque			4471				1	0	0	0	1	0	1	1	1	1	0	1	1	1	1	0	1	1	1	0	0	1	0	1	1	1	0	1	0	0	0	0	0	0	0	1	1	0	0	0	0	0	1	0	0	0	0	0	1	1	0	0	1	1	0	1	1	1	1	1	1	1	1	1	0	0	1	1	0	1	1	1	1	0	1	1	1	0	1	1	1	1	1	1	1	1	1	1	0	1	1	1	0	0	0	0	0	0	0	1	1	1	0	0	0	
93 - Provence-Alpes-Côte d'Azur	13 - Bouches-du-Rhône	3 - Marseille	211300553 - Marseille	200054807	Métropole d'Aix-Marseille-Provence	METRO	0	1	2015-08-28	2016-01-01	ACCOR		92	1933030	59	FPU	0	1	0		1		Mme	Martine	VASSAL	Le Pharo 	58 Boulevard Charles Livon		13007 MARSEILLE	04 91 13 56 00	04 91 13 56 01			Tour la Marseillaise -	2 bis Quai d'Arenc		13002 MARSEILLE	    	04 91 13 56 01	Commune	211300470	Istres			45246				1	0	0	0	1	0	1	1	1	1	0	1	1	1	1	0	1	1	1	0	0	1	0	1	1	1	0	1	0	0	0	0	0	0	0	1	1	0	0	0	0	0	1	0	0	0	0	0	1	1	0	0	1	1	0	1	1	1	1	1	1	1	1	1	0	0	1	1	0	1	1	1	1	0	1	1	1	0	1	1	1	1	1	1	1	1	1	1	0	1	1	1	0	0	0	0	0	0	0	1	1	1	0	0	0	
93 - Provence-Alpes-Côte d'Azur	13 - Bouches-du-Rhône	3 - Marseille	211300553 - Marseille	200054807	Métropole d'Aix-Marseille-Provence	METRO	0	1	2015-08-28	2016-01-01	ACCOR		92	1933030	59	FPU	0	1	0		1		Mme	Martine	VASSAL	Le Pharo 	58 Boulevard Charles Livon		13007 MARSEILLE	04 91 13 56 00	04 91 13 56 01			Tour la Marseillaise -	2 bis Quai d'Arenc		13002 MARSEILLE	    	04 91 13 56 01	Commune	211300488	Jouques			4505				1	0	0	0	1	0	1	1	1	1	0	1	1	1	1	0	1	1	1	0	0	1	0	1	1	1	0	1	0	0	0	0	0	0	0	1	1	0	0	0	0	0	1	0	0	0	0	0	1	1	0	0	1	1	0	1	1	1	1	1	1	1	1	1	0	0	1	1	0	1	1	1	1	0	1	1	1	0	1	1	1	1	1	1	1	1	1	1	0	1	1	1	0	0	0	0	0	0	0	1	1	1	0	0	0	
93 - Provence-Alpes-Côte d'Azur	13 - Bouches-du-Rhône	3 - Marseille	211300553 - Marseille	200054807	Métropole d'Aix-Marseille-Provence	METRO	0	1	2015-08-28	2016-01-01	ACCOR		92	1933030	59	FPU	0	1	0		1		Mme	Martine	VASSAL	Le Pharo 	58 Boulevard Charles Livon		13007 MARSEILLE	04 91 13 56 00	04 91 13 56 01			Tour la Marseillaise -	2 bis Quai d'Arenc		13002 MARSEILLE	    	04 91 13 56 01	Commune	211300090	La Barben			885				1	0	0	0	1	0	1	1	1	1	0	1	1	1	1	0	1	1	1	0	0	1	0	1	1	1	0	1	0	0	0	0	0	0	0	1	1	0	0	0	0	0	1	0	0	0	0	0	1	1	0	0	1	1	0	1	1	1	1	1	1	1	1	1	0	0	1	1	0	1	1	1	1	0	1	1	1	0	1	1	1	1	1	1	1	1	1	1	0	1	1	1	0	0	0	0	0	0	0	1	1	1	0	0	0	
93 - Provence-Alpes-Côte d'Azur	13 - Bouches-du-Rhône	3 - Marseille	211300553 - Marseille	200054807	Métropole d'Aix-Marseille-Provence	METRO	0	1	2015-08-28	2016-01-01	ACCOR		92	1933030	59	FPU	0	1	0		1		Mme	Martine	VASSAL	Le Pharo 	58 Boulevard Charles Livon		13007 MARSEILLE	04 91 13 56 00	04 91 13 56 01			Tour la Marseillaise -	2 bis Quai d'Arenc		13002 MARSEILLE	    	04 91 13 56 01	Commune	211300165	La Bouilladisse			6419				1	0	0	0	1	0	1	1	1	1	0	1	1	1	1	0	1	1	1	0	0	1	0	1	1	1	0	1	0	0	0	0	0	0	0	1	1	0	0	0	0	0	1	0	0	0	0	0	1	1	0	0	1	1	0	1	1	1	1	1	1	1	1	1	0	0	1	1	0	1	1	1	1	0	1	1	1	0	1	1	1	1	1	1	1	1	1	1	0	1	1	1	0	0	0	0	0	0	0	1	1	1	0	0	0	
93 - Provence-Alpes-Côte d'Azur	13 - Bouches-du-Rhône	3 - Marseille	211300553 - Marseille	200054807	Métropole d'Aix-Marseille-Provence	METRO	0	1	2015-08-28	2016-01-01	ACCOR		92	1933030	59	FPU	0	1	0		1		Mme	Martine	VASSAL	Le Pharo 	58 Boulevard Charles Livon		13007 MARSEILLE	04 91 13 56 00	04 91 13 56 01			Tour la Marseillaise -	2 bis Quai d'Arenc		13002 MARSEILLE	    	04 91 13 56 01	Commune	211300280	La Ciotat			37356				1	0	0	0	1	0	1	1	1	1	0	1	1	1	1	0	1	1	1	0	0	1	0	1	1	1	0	1	0	0	0	0	0	0	0	1	1	0	0	0	0	0	1	0	0	0	0	0	1	1	0	0	1	1	0	1	1	1	1	1	1	1	1	1	0	0	1	1	0	1	1	1	1	0	1	1	1	0	1	1	1	1	1	1	1	1	1	1	0	1	1	1	0	0	0	0	0	0	0	1	1	1	0	0	0	
93 - Provence-Alpes-Côte d'Azur	13 - Bouches-du-Rhône	3 - Marseille	211300553 - Marseille	200054807	Métropole d'Aix-Marseille-Provence	METRO	0	1	2015-08-28	2016-01-01	ACCOR		92	1933030	59	FPU	0	1	0		1		Mme	Martine	VASSAL	Le Pharo 	58 Boulevard Charles Livon		13007 MARSEILLE	04 91 13 56 00	04 91 13 56 01			Tour la Marseillaise -	2 bis Quai d'Arenc		13002 MARSEILLE	    	04 91 13 56 01	Commune	211300314	La Destrousse			3962				1	0	0	0	1	0	1	1	1	1	0	1	1	1	1	0	1	1	1	0	0	1	0	1	1	1	0	1	0	0	0	0	0	0	0	1	1	0	0	0	0	0	1	0	0	0	0	0	1	1	0	0	1	1	0	1	1	1	1	1	1	1	1	1	0	0	1	1	0	1	1	1	1	0	1	1	1	0	1	1	1	1	1	1	1	1	1	1	0	1	1	1	0	0	0	0	0	0	0	1	1	1	0	0	0	
93 - Provence-Alpes-Côte d'Azur	13 - Bouches-du-Rhône	3 - Marseille	211300553 - Marseille	200054807	Métropole d'Aix-Marseille-Provence	METRO	0	1	2015-08-28	2016-01-01	ACCOR		92	1933030	59	FPU	0	1	0		1		Mme	Martine	VASSAL	Le Pharo 	58 Boulevard Charles Livon		13007 MARSEILLE	04 91 13 56 00	04 91 13 56 01			Tour la Marseillaise -	2 bis Quai d'Arenc		13002 MARSEILLE	    	04 91 13 56 01	Commune	211300371	La Fare-les-Oliviers			8972				1	0	0	0	1	0	1	1	1	1	0	1	1	1	1	0	1	1	1	0	0	1	0	1	1	1	0	1	0	0	0	0	0	0	0	1	1	0	0	0	0	0	1	0	0	0	0	0	1	1	0	0	1	1	0	1	1	1	1	1	1	1	1	1	0	0	1	1	0	1	1	1	1	0	1	1	1	0	1	1	1	1	1	1	1	1	1	1	0	1	1	1	0	0	0	0	0	0	0	1	1	1	0	0	0	
93 - Provence-Alpes-Côte d'Azur	13 - Bouches-du-Rhône	3 - Marseille	211300553 - Marseille	200054807	Métropole d'Aix-Marseille-Provence	METRO	0	1	2015-08-28	2016-01-01	ACCOR		92	1933030	59	FPU	0	1	0		1		Mme	Martine	VASSAL	Le Pharo 	58 Boulevard Charles Livon		13007 MARSEILLE	04 91 13 56 00	04 91 13 56 01			Tour la Marseillaise -	2 bis Quai d'Arenc		13002 MARSEILLE	    	04 91 13 56 01	Commune	211300496	Lamanon			2088				1	0	0	0	1	0	1	1	1	1	0	1	1	1	1	0	1	1	1	0	0	1	0	1	1	1	0	1	0	0	0	0	0	0	0	1	1	0	0	0	0	0	1	0	0	0	0	0	1	1	0	0	1	1	0	1	1	1	1	1	1	1	1	1	0	0	1	1	0	1	1	1	1	0	1	1	1	0	1	1	1	1	1	1	1	1	1	1	0	1	1	1	0	0	0	0	0	0	0	1	1	1	0	0	0	
93 - Provence-Alpes-Côte d'Azur	13 - Bouches-du-Rhône	3 - Marseille	211300553 - Marseille	200054807	Métropole d'Aix-Marseille-Provence	METRO	0	1	2015-08-28	2016-01-01	ACCOR		92	1933030	59	FPU	0	1	0		1		Mme	Martine	VASSAL	Le Pharo 	58 Boulevard Charles Livon		13007 MARSEILLE	04 91 13 56 00	04 91 13 56 01			Tour la Marseillaise -	2 bis Quai d'Arenc		13002 MARSEILLE	    	04 91 13 56 01	Commune	211300504	Lambesc			10245				1	0	0	0	1	0	1	1	1	1	0	1	1	1	1	0	1	1	1	0	0	1	0	1	1	1	0	1	0	0	0	0	0	0	0	1	1	0	0	0	0	0	1	0	0	0	0	0	1	1	0	0	1	1	0	1	1	1	1	1	1	1	1	1	0	0	1	1	0	1	1	1	1	0	1	1	1	0	1	1	1	1	1	1	1	1	1	1	0	1	1	1	0	0	0	0	0	0	0	1	1	1	0	0	0	
93 - Provence-Alpes-Côte d'Azur	13 - Bouches-du-Rhône	3 - Marseille	211300553 - Marseille	200054807	Métropole d'Aix-Marseille-Provence	METRO	0	1	2015-08-28	2016-01-01	ACCOR		92	1933030	59	FPU	0	1	0		1		Mme	Martine	VASSAL	Le Pharo 	58 Boulevard Charles Livon		13007 MARSEILLE	04 91 13 56 00	04 91 13 56 01			Tour la Marseillaise -	2 bis Quai d'Arenc		13002 MARSEILLE	    	04 91 13 56 01	Commune	211300512	Lançon-Provence			9467				1	0	0	0	1	0	1	1	1	1	0	1	1	1	1	0	1	1	1	0	0	1	0	1	1	1	0	1	0	0	0	0	0	0	0	1	1	0	0	0	0	0	1	0	0	0	0	0	1	1	0	0	1	1	0	1	1	1	1	1	1	1	1	1	0	0	1	1	0	1	1	1	1	0	1	1	1	0	1	1	1	1	1	1	1	1	1	1	0	1	1	1	0	0	0	0	0	0	0	1	1	1	0	0	0	
93 - Provence-Alpes-Côte d'Azur	13 - Bouches-du-Rhône	3 - Marseille	211300553 - Marseille	200054807	Métropole d'Aix-Marseille-Provence	METRO	0	1	2015-08-28	2016-01-01	ACCOR		92	1933030	59	FPU	0	1	0		1		Mme	Martine	VASSAL	Le Pharo 	58 Boulevard Charles Livon		13007 MARSEILLE	04 91 13 56 00	04 91 13 56 01			Tour la Marseillaise -	2 bis Quai d'Arenc		13002 MARSEILLE	    	04 91 13 56 01	Commune	211300702	La Penne-sur-Huveaune			6620				1	0	0	0	1	0	1	1	1	1	0	1	1	1	1	0	1	1	1	0	0	1	0	1	1	1	0	1	0	0	0	0	0	0	0	1	1	0	0	0	0	0	1	0	0	0	0	0	1	1	0	0	1	1	0	1	1	1	1	1	1	1	1	1	0	0	1	1	0	1	1	1	1	0	1	1	1	0	1	1	1	1	1	1	1	1	1	1	0	1	1	1	0	0	0	0	0	0	0	1	1	1	0	0	0	
93 - Provence-Alpes-Côte d'Azur	13 - Bouches-du-Rhône	3 - Marseille	211300553 - Marseille	200054807	Métropole d'Aix-Marseille-Provence	METRO	0	1	2015-08-28	2016-01-01	ACCOR		92	1933030	59	FPU	0	1	0		1		Mme	Martine	VASSAL	Le Pharo 	58 Boulevard Charles Livon		13007 MARSEILLE	04 91 13 56 00	04 91 13 56 01			Tour la Marseillaise -	2 bis Quai d'Arenc		13002 MARSEILLE	    	04 91 13 56 01	Commune	211300843	La Roque-d'Anthéron			5500				1	0	0	0	1	0	1	1	1	1	0	1	1	1	1	0	1	1	1	0	0	1	0	1	1	1	0	1	0	0	0	0	0	0	0	1	1	0	0	0	0	0	1	0	0	0	0	0	1	1	0	0	1	1	0	1	1	1	1	1	1	1	1	1	0	0	1	1	0	1	1	1	1	0	1	1	1	0	1	1	1	1	1	1	1	1	1	1	0	1	1	1	0	0	0	0	0	0	0	1	1	1	0	0	0	
93 - Provence-Alpes-Côte d'Azur	13 - Bouches-du-Rhône	3 - Marseille	211300553 - Marseille	200054807	Métropole d'Aix-Marseille-Provence	METRO	0	1	2015-08-28	2016-01-01	ACCOR		92	1933030	59	FPU	0	1	0		1		Mme	Martine	VASSAL	Le Pharo 	58 Boulevard Charles Livon		13007 MARSEILLE	04 91 13 56 00	04 91 13 56 01			Tour la Marseillaise -	2 bis Quai d'Arenc		13002 MARSEILLE	    	04 91 13 56 01	Commune	211300801	Le Puy-Sainte-Réparade			5945				1	0	0	0	1	0	1	1	1	1	0	1	1	1	1	0	1	1	1	0	0	1	0	1	1	1	0	1	0	0	0	0	0	0	0	1	1	0	0	0	0	0	1	0	0	0	0	0	1	1	0	0	1	1	0	1	1	1	1	1	1	1	1	1	0	0	1	1	0	1	1	1	1	0	1	1	1	0	1	1	1	1	1	1	1	1	1	1	0	1	1	1	0	0	0	0	0	0	0	1	1	1	0	0	0	
93 - Provence-Alpes-Côte d'Azur	13 - Bouches-du-Rhône	3 - Marseille	211300553 - Marseille	200054807	Métropole d'Aix-Marseille-Provence	METRO	0	1	2015-08-28	2016-01-01	ACCOR		92	1933030	59	FPU	0	1	0		1		Mme	Martine	VASSAL	Le Pharo 	58 Boulevard Charles Livon		13007 MARSEILLE	04 91 13 56 00	04 91 13 56 01			Tour la Marseillaise -	2 bis Quai d'Arenc		13002 MARSEILLE	    	04 91 13 56 01	Commune	211300884	Le Rove			5242				1	0	0	0	1	0	1	1	1	1	0	1	1	1	1	0	1	1	1	0	0	1	0	1	1	1	0	1	0	0	0	0	0	0	0	1	1	0	0	0	0	0	1	0	0	0	0	0	1	1	0	0	1	1	0	1	1	1	1	1	1	1	1	1	0	0	1	1	0	1	1	1	1	0	1	1	1	0	1	1	1	1	1	1	1	1	1	1	0	1	1	1	0	0	0	0	0	0	0	1	1	1	0	0	0	
93 - Provence-Alpes-Côte d'Azur	13 - Bouches-du-Rhône	3 - Marseille	211300553 - Marseille	200054807	Métropole d'Aix-Marseille-Provence	METRO	0	1	2015-08-28	2016-01-01	ACCOR		92	1933030	59	FPU	0	1	0		1		Mme	Martine	VASSAL	Le Pharo 	58 Boulevard Charles Livon		13007 MARSEILLE	04 91 13 56 00	04 91 13 56 01			Tour la Marseillaise -	2 bis Quai d'Arenc		13002 MARSEILLE	    	04 91 13 56 01	Commune	211300710	Les Pennes-Mirabeau			22393				1	0	0	0	1	0	1	1	1	1	0	1	1	1	1	0	1	1	1	0	0	1	0	1	1	1	0	1	0	0	0	0	0	0	0	1	1	0	0	0	0	0	1	0	0	0	0	0	1	1	0	0	1	1	0	1	1	1	1	1	1	1	1	1	0	0	1	1	0	1	1	1	1	0	1	1	1	0	1	1	1	1	1	1	1	1	1	1	0	1	1	1	0	0	0	0	0	0	0	1	1	1	0	0	0	
93 - Provence-Alpes-Côte d'Azur	13 - Bouches-du-Rhône	3 - Marseille	211300553 - Marseille	200054807	Métropole d'Aix-Marseille-Provence	METRO	0	1	2015-08-28	2016-01-01	ACCOR		92	1933030	59	FPU	0	1	0		1		Mme	Martine	VASSAL	Le Pharo 	58 Boulevard Charles Livon		13007 MARSEILLE	04 91 13 56 00	04 91 13 56 01			Tour la Marseillaise -	2 bis Quai d'Arenc		13002 MARSEILLE	    	04 91 13 56 01	Commune	211301098	Le Tholonet			2414				1	0	0	0	1	0	1	1	1	1	0	1	1	1	1	0	1	1	1	0	0	1	0	1	1	1	0	1	0	0	0	0	0	0	0	1	1	0	0	0	0	0	1	0	0	0	0	0	1	1	0	0	1	1	0	1	1	1	1	1	1	1	1	1	0	0	1	1	0	1	1	1	1	0	1	1	1	0	1	1	1	1	1	1	1	1	1	1	0	1	1	1	0	0	0	0	0	0	0	1	1	1	0	0	0	
93 - Provence-Alpes-Côte d'Azur	13 - Bouches-du-Rhône	3 - Marseille	211300553 - Marseille	200054807	Métropole d'Aix-Marseille-Provence	METRO	0	1	2015-08-28	2016-01-01	ACCOR		92	1933030	59	FPU	0	1	0		1		Mme	Martine	VASSAL	Le Pharo 	58 Boulevard Charles Livon		13007 MARSEILLE	04 91 13 56 00	04 91 13 56 01			Tour la Marseillaise -	2 bis Quai d'Arenc		13002 MARSEILLE	    	04 91 13 56 01	Commune	211300538	Mallemort			6334				1	0	0	0	1	0	1	1	1	1	0	1	1	1	1	0	1	1	1	0	0	1	0	1	1	1	0	1	0	0	0	0	0	0	0	1	1	0	0	0	0	0	1	0	0	0	0	0	1	1	0	0	1	1	0	1	1	1	1	1	1	1	1	1	0	0	1	1	0	1	1	1	1	0	1	1	1	0	1	1	1	1	1	1	1	1	1	1	0	1	1	1	0	0	0	0	0	0	0	1	1	1	0	0	0	
93 - Provence-Alpes-Côte d'Azur	13 - Bouches-du-Rhône	3 - Marseille	211300553 - Marseille	200054807	Métropole d'Aix-Marseille-Provence	METRO	0	1	2015-08-28	2016-01-01	ACCOR		92	1933030	59	FPU	0	1	0		1		Mme	Martine	VASSAL	Le Pharo 	58 Boulevard Charles Livon		13007 MARSEILLE	04 91 13 56 00	04 91 13 56 01			Tour la Marseillaise -	2 bis Quai d'Arenc		13002 MARSEILLE	    	04 91 13 56 01	Commune	211300546	Marignane			33222				1	0	0	0	1	0	1	1	1	1	0	1	1	1	1	0	1	1	1	0	0	1	0	1	1	1	0	1	0	0	0	0	0	0	0	1	1	0	0	0	0	0	1	0	0	0	0	0	1	1	0	0	1	1	0	1	1	1	1	1	1	1	1	1	0	0	1	1	0	1	1	1	1	0	1	1	1	0	1	1	1	1	1	1	1	1	1	1	0	1	1	1	0	0	0	0	0	0	0	1	1	1	0	0	0	
93 - Provence-Alpes-Côte d'Azur	13 - Bouches-du-Rhône	3 - Marseille	211300553 - Marseille	200054807	Métropole d'Aix-Marseille-Provence	METRO	0	1	2015-08-28	2016-01-01	ACCOR		92	1933030	59	FPU	0	1	0		1		Mme	Martine	VASSAL	Le Pharo 	58 Boulevard Charles Livon		13007 MARSEILLE	04 91 13 56 00	04 91 13 56 01			Tour la Marseillaise -	2 bis Quai d'Arenc		13002 MARSEILLE	    	04 91 13 56 01	Commune	211300553	Marseille			879238				1	0	0	0	1	0	1	1	1	1	0	1	1	1	1	0	1	1	1	0	0	1	0	1	1	1	0	1	0	0	0	0	0	0	0	1	1	0	0	0	0	0	1	0	0	0	0	0	1	1	0	0	1	1	0	1	1	1	1	1	1	1	1	1	0	0	1	1	0	1	1	1	1	0	1	1	1	0	1	1	1	1	1	1	1	1	1	1	0	1	1	1	0	0	0	0	0	0	0	1	1	1	0	0	0	
93 - Provence-Alpes-Côte d'Azur	13 - Bouches-du-Rhône	3 - Marseille	211300553 - Marseille	200054807	Métropole d'Aix-Marseille-Provence	METRO	0	1	2015-08-28	2016-01-01	ACCOR		92	1933030	59	FPU	0	1	0		1		Mme	Martine	VASSAL	Le Pharo 	58 Boulevard Charles Livon		13007 MARSEILLE	04 91 13 56 00	04 91 13 56 01			Tour la Marseillaise -	2 bis Quai d'Arenc		13002 MARSEILLE	    	04 91 13 56 01	Commune	211300561	Martigues			49131				1	0	0	0	1	0	1	1	1	1	0	1	1	1	1	0	1	1	1	0	0	1	0	1	1	1	0	1	0	0	0	0	0	0	0	1	1	0	0	0	0	0	1	0	0	0	0	0	1	1	0	0	1	1	0	1	1	1	1	1	1	1	1	1	0	0	1	1	0	1	1	1	1	0	1	1	1	0	1	1	1	1	1	1	1	1	1	1	0	1	1	1	0	0	0	0	0	0	0	1	1	1	0	0	0	
93 - Provence-Alpes-Côte d'Azur	13 - Bouches-du-Rhône	3 - Marseille	211300553 - Marseille	200054807	Métropole d'Aix-Marseille-Provence	METRO	0	1	2015-08-28	2016-01-01	ACCOR		92	1933030	59	FPU	0	1	0		1		Mme	Martine	VASSAL	Le Pharo 	58 Boulevard Charles Livon		13007 MARSEILLE	04 91 13 56 00	04 91 13 56 01			Tour la Marseillaise -	2 bis Quai d'Arenc		13002 MARSEILLE	    	04 91 13 56 01	Commune	211300595	Meyrargues			3893				1	0	0	0	1	0	1	1	1	1	0	1	1	1	1	0	1	1	1	0	0	1	0	1	1	1	0	1	0	0	0	0	0	0	0	1	1	0	0	0	0	0	1	0	0	0	0	0	1	1	0	0	1	1	0	1	1	1	1	1	1	1	1	1	0	0	1	1	0	1	1	1	1	0	1	1	1	0	1	1	1	1	1	1	1	1	1	1	0	1	1	1	0	0	0	0	0	0	0	1	1	1	0	0	0	
93 - Provence-Alpes-Côte d'Azur	13 - Bouches-du-Rhône	3 - Marseille	211300553 - Marseille	200054807	Métropole d'Aix-Marseille-Provence	METRO	0	1	2015-08-28	2016-01-01	ACCOR		92	1933030	59	FPU	0	1	0		1		Mme	Martine	VASSAL	Le Pharo 	58 Boulevard Charles Livon		13007 MARSEILLE	04 91 13 56 00	04 91 13 56 01			Tour la Marseillaise -	2 bis Quai d'Arenc		13002 MARSEILLE	    	04 91 13 56 01	Commune	211300603	Meyreuil			6024				1	0	0	0	1	0	1	1	1	1	0	1	1	1	1	0	1	1	1	0	0	1	0	1	1	1	0	1	0	0	0	0	0	0	0	1	1	0	0	0	0	0	1	0	0	0	0	0	1	1	0	0	1	1	0	1	1	1	1	1	1	1	1	1	0	0	1	1	0	1	1	1	1	0	1	1	1	0	1	1	1	1	1	1	1	1	1	1	0	1	1	1	0	0	0	0	0	0	0	1	1	1	0	0	0	
93 - Provence-Alpes-Côte d'Azur	13 - Bouches-du-Rhône	3 - Marseille	211300553 - Marseille	200054807	Métropole d'Aix-Marseille-Provence	METRO	0	1	2015-08-28	2016-01-01	ACCOR		92	1933030	59	FPU	0	1	0		1		Mme	Martine	VASSAL	Le Pharo 	58 Boulevard Charles Livon		13007 MARSEILLE	04 91 13 56 00	04 91 13 56 01			Tour la Marseillaise -	2 bis Quai d'Arenc		13002 MARSEILLE	    	04 91 13 56 01	Commune	211300629	Mimet			4262				1	0	0	0	1	0	1	1	1	1	0	1	1	1	1	0	1	1	1	0	0	1	0	1	1	1	0	1	0	0	0	0	0	0	0	1	1	0	0	0	0	0	1	0	0	0	0	0	1	1	0	0	1	1	0	1	1	1	1	1	1	1	1	1	0	0	1	1	0	1	1	1	1	0	1	1	1	0	1	1	1	1	1	1	1	1	1	1	0	1	1	1	0	0	0	0	0	0	0	1	1	1	0	0	0	
93 - Provence-Alpes-Côte d'Azur	13 - Bouches-du-Rhône	3 - Marseille	211300553 - Marseille	200054807	Métropole d'Aix-Marseille-Provence	METRO	0	1	2015-08-28	2016-01-01	ACCOR		92	1933030	59	FPU	0	1	0		1		Mme	Martine	VASSAL	Le Pharo 	58 Boulevard Charles Livon		13007 MARSEILLE	04 91 13 56 00	04 91 13 56 01			Tour la Marseillaise -	2 bis Quai d'Arenc		13002 MARSEILLE	    	04 91 13 56 01	Commune	211300637	Miramas			26806				1	0	0	0	1	0	1	1	1	1	0	1	1	1	1	0	1	1	1	0	0	1	0	1	1	1	0	1	0	0	0	0	0	0	0	1	1	0	0	0	0	0	1	0	0	0	0	0	1	1	0	0	1	1	0	1	1	1	1	1	1	1	1	1	0	0	1	1	0	1	1	1	1	0	1	1	1	0	1	1	1	1	1	1	1	1	1	1	0	1	1	1	0	0	0	0	0	0	0	1	1	1	0	0	0	
93 - Provence-Alpes-Côte d'Azur	13 - Bouches-du-Rhône	3 - Marseille	211300553 - Marseille	200054807	Métropole d'Aix-Marseille-Provence	METRO	0	1	2015-08-28	2016-01-01	ACCOR		92	1933030	59	FPU	0	1	0		1		Mme	Martine	VASSAL	Le Pharo 	58 Boulevard Charles Livon		13007 MARSEILLE	04 91 13 56 00	04 91 13 56 01			Tour la Marseillaise -	2 bis Quai d'Arenc		13002 MARSEILLE	    	04 91 13 56 01	Commune	211300694	Pélissanne			10797				1	0	0	0	1	0	1	1	1	1	0	1	1	1	1	0	1	1	1	0	0	1	0	1	1	1	0	1	0	0	0	0	0	0	0	1	1	0	0	0	0	0	1	0	0	0	0	0	1	1	0	0	1	1	0	1	1	1	1	1	1	1	1	1	0	0	1	1	0	1	1	1	1	0	1	1	1	0	1	1	1	1	1	1	1	1	1	1	0	1	1	1	0	0	0	0	0	0	0	1	1	1	0	0	0	
93 - Provence-Alpes-Côte d'Azur	13 - Bouches-du-Rhône	3 - Marseille	211300553 - Marseille	200054807	Métropole d'Aix-Marseille-Provence	METRO	0	1	2015-08-28	2016-01-01	ACCOR		92	1933030	59	FPU	0	1	0		1		Mme	Martine	VASSAL	Le Pharo 	58 Boulevard Charles Livon		13007 MARSEILLE	04 91 13 56 00	04 91 13 56 01			Tour la Marseillaise -	2 bis Quai d'Arenc		13002 MARSEILLE	    	04 91 13 56 01	Commune	218400893	Pertuis			20289				1	0	0	0	1	0	1	1	1	1	0	1	1	1	1	0	1	1	1	0	0	1	0	1	1	1	0	1	0	0	0	0	0	0	0	1	1	0	0	0	0	0	1	0	0	0	0	0	1	1	0	0	1	1	0	1	1	1	1	1	1	1	1	1	0	0	1	1	0	1	1	1	1	0	1	1	1	0	1	1	1	1	1	1	1	1	1	1	0	1	1	1	0	0	0	0	0	0	0	1	1	1	0	0	0	
93 - Provence-Alpes-Côte d'Azur	13 - Bouches-du-Rhône	3 - Marseille	211300553 - Marseille	200054807	Métropole d'Aix-Marseille-Provence	METRO	0	1	2015-08-28	2016-01-01	ACCOR		92	1933030	59	FPU	0	1	0		1		Mme	Martine	VASSAL	Le Pharo 	58 Boulevard Charles Livon		13007 MARSEILLE	04 91 13 56 00	04 91 13 56 01			Tour la Marseillaise -	2 bis Quai d'Arenc		13002 MARSEILLE	    	04 91 13 56 01	Commune	211300728	Peynier			3725				1	0	0	0	1	0	1	1	1	1	0	1	1	1	1	0	1	1	1	0	0	1	0	1	1	1	0	1	0	0	0	0	0	0	0	1	1	0	0	0	0	0	1	0	0	0	0	0	1	1	0	0	1	1	0	1	1	1	1	1	1	1	1	1	0	0	1	1	0	1	1	1	1	0	1	1	1	0	1	1	1	1	1	1	1	1	1	1	0	1	1	1	0	0	0	0	0	0	0	1	1	1	0	0	0	
93 - Provence-Alpes-Côte d'Azur	13 - Bouches-du-Rhône	3 - Marseille	211300553 - Marseille	200054807	Métropole d'Aix-Marseille-Provence	METRO	0	1	2015-08-28	2016-01-01	ACCOR		92	1933030	59	FPU	0	1	0		1		Mme	Martine	VASSAL	Le Pharo 	58 Boulevard Charles Livon		13007 MARSEILLE	04 91 13 56 00	04 91 13 56 01			Tour la Marseillaise -	2 bis Quai d'Arenc		13002 MARSEILLE	    	04 91 13 56 01	Commune	211300736	Peypin			5687				1	0	0	0	1	0	1	1	1	1	0	1	1	1	1	0	1	1	1	0	0	1	0	1	1	1	0	1	0	0	0	0	0	0	0	1	1	0	0	0	0	0	1	0	0	0	0	0	1	1	0	0	1	1	0	1	1	1	1	1	1	1	1	1	0	0	1	1	0	1	1	1	1	0	1	1	1	0	1	1	1	1	1	1	1	1	1	1	0	1	1	1	0	0	0	0	0	0	0	1	1	1	0	0	0	
93 - Provence-Alpes-Côte d'Azur	13 - Bouches-du-Rhône	3 - Marseille	211300553 - Marseille	200054807	Métropole d'Aix-Marseille-Provence	METRO	0	1	2015-08-28	2016-01-01	ACCOR		92	1933030	59	FPU	0	1	0		1		Mme	Martine	VASSAL	Le Pharo 	58 Boulevard Charles Livon		13007 MARSEILLE	04 91 13 56 00	04 91 13 56 01			Tour la Marseillaise -	2 bis Quai d'Arenc		13002 MARSEILLE	    	04 91 13 56 01	Commune	211300744	Peyrolles-en-Provence			5298				1	0	0	0	1	0	1	1	1	1	0	1	1	1	1	0	1	1	1	0	0	1	0	1	1	1	0	1	0	0	0	0	0	0	0	1	1	0	0	0	0	0	1	0	0	0	0	0	1	1	0	0	1	1	0	1	1	1	1	1	1	1	1	1	0	0	1	1	0	1	1	1	1	0	1	1	1	0	1	1	1	1	1	1	1	1	1	1	0	1	1	1	0	0	0	0	0	0	0	1	1	1	0	0	0	
93 - Provence-Alpes-Côte d'Azur	13 - Bouches-du-Rhône	3 - Marseille	211300553 - Marseille	200054807	Métropole d'Aix-Marseille-Provence	METRO	0	1	2015-08-28	2016-01-01	ACCOR		92	1933030	59	FPU	0	1	0		1		Mme	Martine	VASSAL	Le Pharo 	58 Boulevard Charles Livon		13007 MARSEILLE	04 91 13 56 00	04 91 13 56 01			Tour la Marseillaise -	2 bis Quai d'Arenc		13002 MARSEILLE	    	04 91 13 56 01	Commune	211300751	Plan-de-Cuques			11483				1	0	0	0	1	0	1	1	1	1	0	1	1	1	1	0	1	1	1	0	0	1	0	1	1	1	0	1	0	0	0	0	0	0	0	1	1	0	0	0	0	0	1	0	0	0	0	0	1	1	0	0	1	1	0	1	1	1	1	1	1	1	1	1	0	0	1	1	0	1	1	1	1	0	1	1	1	0	1	1	1	1	1	1	1	1	1	1	0	1	1	1	0	0	0	0	0	0	0	1	1	1	0	0	0	
93 - Provence-Alpes-Côte d'Azur	13 - Bouches-du-Rhône	3 - Marseille	211300553 - Marseille	200054807	Métropole d'Aix-Marseille-Provence	METRO	0	1	2015-08-28	2016-01-01	ACCOR		92	1933030	59	FPU	0	1	0		1		Mme	Martine	VASSAL	Le Pharo 	58 Boulevard Charles Livon		13007 MARSEILLE	04 91 13 56 00	04 91 13 56 01			Tour la Marseillaise -	2 bis Quai d'Arenc		13002 MARSEILLE	    	04 91 13 56 01	Commune	211300777	Port-de-Bouc			16276				1	0	0	0	1	0	1	1	1	1	0	1	1	1	1	0	1	1	1	0	0	1	0	1	1	1	0	1	0	0	0	0	0	0	0	1	1	0	0	0	0	0	1	0	0	0	0	0	1	1	0	0	1	1	0	1	1	1	1	1	1	1	1	1	0	0	1	1	0	1	1	1	1	0	1	1	1	0	1	1	1	1	1	1	1	1	1	1	0	1	1	1	0	0	0	0	0	0	0	1	1	1	0	0	0	
93 - Provence-Alpes-Côte d'Azur	13 - Bouches-du-Rhône	3 - Marseille	211300553 - Marseille	200054807	Métropole d'Aix-Marseille-Provence	METRO	0	1	2015-08-28	2016-01-01	ACCOR		92	1933030	59	FPU	0	1	0		1		Mme	Martine	VASSAL	Le Pharo 	58 Boulevard Charles Livon		13007 MARSEILLE	04 91 13 56 00	04 91 13 56 01			Tour la Marseillaise -	2 bis Quai d'Arenc		13002 MARSEILLE	    	04 91 13 56 01	Commune	211300785	Port-Saint-Louis-du-Rhône			8515				1	0	0	0	1	0	1	1	1	1	0	1	1	1	1	0	1	1	1	0	0	1	0	1	1	1	0	1	0	0	0	0	0	0	0	1	1	0	0	0	0	0	1	0	0	0	0	0	1	1	0	0	1	1	0	1	1	1	1	1	1	1	1	1	0	0	1	1	0	1	1	1	1	0	1	1	1	0	1	1	1	1	1	1	1	1	1	1	0	1	1	1	0	0	0	0	0	0	0	1	1	1	0	0	0	
93 - Provence-Alpes-Côte d'Azur	13 - Bouches-du-Rhône	3 - Marseille	211300553 - Marseille	200054807	Métropole d'Aix-Marseille-Provence	METRO	0	1	2015-08-28	2016-01-01	ACCOR		92	1933030	59	FPU	0	1	0		1		Mme	Martine	VASSAL	Le Pharo 	58 Boulevard Charles Livon		13007 MARSEILLE	04 91 13 56 00	04 91 13 56 01			Tour la Marseillaise -	2 bis Quai d'Arenc		13002 MARSEILLE	    	04 91 13 56 01	Commune	211300793	Puyloubier			1909				1	0	0	0	1	0	1	1	1	1	0	1	1	1	1	0	1	1	1	0	0	1	0	1	1	1	0	1	0	0	0	0	0	0	0	1	1	0	0	0	0	0	1	0	0	0	0	0	1	1	0	0	1	1	0	1	1	1	1	1	1	1	1	1	0	0	1	1	0	1	1	1	1	0	1	1	1	0	1	1	1	1	1	1	1	1	1	1	0	1	1	1	0	0	0	0	0	0	0	1	1	1	0	0	0	
93 - Provence-Alpes-Côte d'Azur	13 - Bouches-du-Rhône	3 - Marseille	211300553 - Marseille	200054807	Métropole d'Aix-Marseille-Provence	METRO	0	1	2015-08-28	2016-01-01	ACCOR		92	1933030	59	FPU	0	1	0		1		Mme	Martine	VASSAL	Le Pharo 	58 Boulevard Charles Livon		13007 MARSEILLE	04 91 13 56 00	04 91 13 56 01			Tour la Marseillaise -	2 bis Quai d'Arenc		13002 MARSEILLE	    	04 91 13 56 01	Commune	211300819	Rognac			12287				1	0	0	0	1	0	1	1	1	1	0	1	1	1	1	0	1	1	1	0	0	1	0	1	1	1	0	1	0	0	0	0	0	0	0	1	1	0	0	0	0	0	1	0	0	0	0	0	1	1	0	0	1	1	0	1	1	1	1	1	1	1	1	1	0	0	1	1	0	1	1	1	1	0	1	1	1	0	1	1	1	1	1	1	1	1	1	1	0	1	1	1	0	0	0	0	0	0	0	1	1	1	0	0	0	
93 - Provence-Alpes-Côte d'Azur	13 - Bouches-du-Rhône	3 - Marseille	211300553 - Marseille	200054807	Métropole d'Aix-Marseille-Provence	METRO	0	1	2015-08-28	2016-01-01	ACCOR		92	1933030	59	FPU	0	1	0		1		Mme	Martine	VASSAL	Le Pharo 	58 Boulevard Charles Livon		13007 MARSEILLE	04 91 13 56 00	04 91 13 56 01			Tour la Marseillaise -	2 bis Quai d'Arenc		13002 MARSEILLE	    	04 91 13 56 01	Commune	211300827	Rognes			4707				1	0	0	0	1	0	1	1	1	1	0	1	1	1	1	0	1	1	1	0	0	1	0	1	1	1	0	1	0	0	0	0	0	0	0	1	1	0	0	0	0	0	1	0	0	0	0	0	1	1	0	0	1	1	0	1	1	1	1	1	1	1	1	1	0	0	1	1	0	1	1	1	1	0	1	1	1	0	1	1	1	1	1	1	1	1	1	1	0	1	1	1	0	0	0	0	0	0	0	1	1	1	0	0	0	
93 - Provence-Alpes-Côte d'Azur	13 - Bouches-du-Rhône	3 - Marseille	211300553 - Marseille	200054807	Métropole d'Aix-Marseille-Provence	METRO	0	1	2015-08-28	2016-01-01	ACCOR		92	1933030	59	FPU	0	1	0		1		Mme	Martine	VASSAL	Le Pharo 	58 Boulevard Charles Livon		13007 MARSEILLE	04 91 13 56 00	04 91 13 56 01			Tour la Marseillaise -	2 bis Quai d'Arenc		13002 MARSEILLE	    	04 91 13 56 01	Commune	211300850	Roquefort-la-Bédoule			5924				1	0	0	0	1	0	1	1	1	1	0	1	1	1	1	0	1	1	1	0	0	1	0	1	1	1	0	1	0	0	0	0	0	0	0	1	1	0	0	0	0	0	1	0	0	0	0	0	1	1	0	0	1	1	0	1	1	1	1	1	1	1	1	1	0	0	1	1	0	1	1	1	1	0	1	1	1	0	1	1	1	1	1	1	1	1	1	1	0	1	1	1	0	0	0	0	0	0	0	1	1	1	0	0	0	
93 - Provence-Alpes-Côte d'Azur	13 - Bouches-du-Rhône	3 - Marseille	211300553 - Marseille	200054807	Métropole d'Aix-Marseille-Provence	METRO	0	1	2015-08-28	2016-01-01	ACCOR		92	1933030	59	FPU	0	1	0		1		Mme	Martine	VASSAL	Le Pharo 	58 Boulevard Charles Livon		13007 MARSEILLE	04 91 13 56 00	04 91 13 56 01			Tour la Marseillaise -	2 bis Quai d'Arenc		13002 MARSEILLE	    	04 91 13 56 01	Commune	211300868	Roquevaire			8794				1	0	0	0	1	0	1	1	1	1	0	1	1	1	1	0	1	1	1	0	0	1	0	1	1	1	0	1	0	0	0	0	0	0	0	1	1	0	0	0	0	0	1	0	0	0	0	0	1	1	0	0	1	1	0	1	1	1	1	1	1	1	1	1	0	0	1	1	0	1	1	1	1	0	1	1	1	0	1	1	1	1	1	1	1	1	1	1	0	1	1	1	0	0	0	0	0	0	0	1	1	1	0	0	0	
93 - Provence-Alpes-Côte d'Azur	13 - Bouches-du-Rhône	3 - Marseille	211300553 - Marseille	200054807	Métropole d'Aix-Marseille-Provence	METRO	0	1	2015-08-28	2016-01-01	ACCOR		92	1933030	59	FPU	0	1	0		1		Mme	Martine	VASSAL	Le Pharo 	58 Boulevard Charles Livon		13007 MARSEILLE	04 91 13 56 00	04 91 13 56 01			Tour la Marseillaise -	2 bis Quai d'Arenc		13002 MARSEILLE	    	04 91 13 56 01	Commune	211300876	Rousset			5353				1	0	0	0	1	0	1	1	1	1	0	1	1	1	1	0	1	1	1	0	0	1	0	1	1	1	0	1	0	0	0	0	0	0	0	1	1	0	0	0	0	0	1	0	0	0	0	0	1	1	0	0	1	1	0	1	1	1	1	1	1	1	1	1	0	0	1	1	0	1	1	1	1	0	1	1	1	0	1	1	1	1	1	1	1	1	1	1	0	1	1	1	0	0	0	0	0	0	0	1	1	1	0	0	0	
93 - Provence-Alpes-Côte d'Azur	13 - Bouches-du-Rhône	3 - Marseille	211300553 - Marseille	200054807	Métropole d'Aix-Marseille-Provence	METRO	0	1	2015-08-28	2016-01-01	ACCOR		92	1933030	59	FPU	0	1	0		1		Mme	Martine	VASSAL	Le Pharo 	58 Boulevard Charles Livon		13007 MARSEILLE	04 91 13 56 00	04 91 13 56 01			Tour la Marseillaise -	2 bis Quai d'Arenc		13002 MARSEILLE	    	04 91 13 56 01	Commune	211300900	Saint-Antonin-sur-Bayon			129				1	0	0	0	1	0	1	1	1	1	0	1	1	1	1	0	1	1	1	0	0	1	0	1	1	1	0	1	0	0	0	0	0	0	0	1	1	0	0	0	0	0	1	0	0	0	0	0	1	1	0	0	1	1	0	1	1	1	1	1	1	1	1	1	0	0	1	1	0	1	1	1	1	0	1	1	1	0	1	1	1	1	1	1	1	1	1	1	0	1	1	1	0	0	0	0	0	0	0	1	1	1	0	0	0	
93 - Provence-Alpes-Côte d'Azur	13 - Bouches-du-Rhône	3 - Marseille	211300553 - Marseille	200054807	Métropole d'Aix-Marseille-Provence	METRO	0	1	2015-08-28	2016-01-01	ACCOR		92	1933030	59	FPU	0	1	0		1		Mme	Martine	VASSAL	Le Pharo 	58 Boulevard Charles Livon		13007 MARSEILLE	04 91 13 56 00	04 91 13 56 01			Tour la Marseillaise -	2 bis Quai d'Arenc		13002 MARSEILLE	    	04 91 13 56 01	Commune	211300918	Saint-Cannat			5767				1	0	0	0	1	0	1	1	1	1	0	1	1	1	1	0	1	1	1	0	0	1	0	1	1	1	0	1	0	0	0	0	0	0	0	1	1	0	0	0	0	0	1	0	0	0	0	0	1	1	0	0	1	1	0	1	1	1	1	1	1	1	1	1	0	0	1	1	0	1	1	1	1	0	1	1	1	0	1	1	1	1	1	1	1	1	1	1	0	1	1	1	0	0	0	0	0	0	0	1	1	1	0	0	0	
93 - Provence-Alpes-Côte d'Azur	13 - Bouches-du-Rhône	3 - Marseille	211300553 - Marseille	200054807	Métropole d'Aix-Marseille-Provence	METRO	0	1	2015-08-28	2016-01-01	ACCOR		92	1933030	59	FPU	0	1	0		1		Mme	Martine	VASSAL	Le Pharo 	58 Boulevard Charles Livon		13007 MARSEILLE	04 91 13 56 00	04 91 13 56 01			Tour la Marseillaise -	2 bis Quai d'Arenc		13002 MARSEILLE	    	04 91 13 56 01	Commune	211300926	Saint-Chamas			8774				1	0	0	0	1	0	1	1	1	1	0	1	1	1	1	0	1	1	1	0	0	1	0	1	1	1	0	1	0	0	0	0	0	0	0	1	1	0	0	0	0	0	1	0	0	0	0	0	1	1	0	0	1	1	0	1	1	1	1	1	1	1	1	1	0	0	1	1	0	1	1	1	1	0	1	1	1	0	1	1	1	1	1	1	1	1	1	1	0	1	1	1	0	0	0	0	0	0	0	1	1	1	0	0	0	
93 - Provence-Alpes-Côte d'Azur	13 - Bouches-du-Rhône	3 - Marseille	211300553 - Marseille	200054807	Métropole d'Aix-Marseille-Provence	METRO	0	1	2015-08-28	2016-01-01	ACCOR		92	1933030	59	FPU	0	1	0		1		Mme	Martine	VASSAL	Le Pharo 	58 Boulevard Charles Livon		13007 MARSEILLE	04 91 13 56 00	04 91 13 56 01			Tour la Marseillaise -	2 bis Quai d'Arenc		13002 MARSEILLE	    	04 91 13 56 01	Commune	211300934	Saint-Estève-Janson			384				1	0	0	0	1	0	1	1	1	1	0	1	1	1	1	0	1	1	1	0	0	1	0	1	1	1	0	1	0	0	0	0	0	0	0	1	1	0	0	0	0	0	1	0	0	0	0	0	1	1	0	0	1	1	0	1	1	1	1	1	1	1	1	1	0	0	1	1	0	1	1	1	1	0	1	1	1	0	1	1	1	1	1	1	1	1	1	1	0	1	1	1	0	0	0	0	0	0	0	1	1	1	0	0	0	
93 - Provence-Alpes-Côte d'Azur	13 - Bouches-du-Rhône	3 - Marseille	211300553 - Marseille	200054807	Métropole d'Aix-Marseille-Provence	METRO	0	1	2015-08-28	2016-01-01	ACCOR		92	1933030	59	FPU	0	1	0		1		Mme	Martine	VASSAL	Le Pharo 	58 Boulevard Charles Livon		13007 MARSEILLE	04 91 13 56 00	04 91 13 56 01			Tour la Marseillaise -	2 bis Quai d'Arenc		13002 MARSEILLE	    	04 91 13 56 01	Commune	211300959	Saint-Marc-Jaumegarde			1316				1	0	0	0	1	0	1	1	1	1	0	1	1	1	1	0	1	1	1	0	0	1	0	1	1	1	0	1	0	0	0	0	0	0	0	1	1	0	0	0	0	0	1	0	0	0	0	0	1	1	0	0	1	1	0	1	1	1	1	1	1	1	1	1	0	0	1	1	0	1	1	1	1	0	1	1	1	0	1	1	1	1	1	1	1	1	1	1	0	1	1	1	0	0	0	0	0	0	0	1	1	1	0	0	0	
93 - Provence-Alpes-Côte d'Azur	13 - Bouches-du-Rhône	3 - Marseille	211300553 - Marseille	200054807	Métropole d'Aix-Marseille-Provence	METRO	0	1	2015-08-28	2016-01-01	ACCOR		92	1933030	59	FPU	0	1	0		1		Mme	Martine	VASSAL	Le Pharo 	58 Boulevard Charles Livon		13007 MARSEILLE	04 91 13 56 00	04 91 13 56 01			Tour la Marseillaise -	2 bis Quai d'Arenc		13002 MARSEILLE	    	04 91 13 56 01	Commune	211300983	Saint-Mitre-les-Remparts			5926				1	0	0	0	1	0	1	1	1	1	0	1	1	1	1	0	1	1	1	0	0	1	0	1	1	1	0	1	0	0	0	0	0	0	0	1	1	0	0	0	0	0	1	0	0	0	0	0	1	1	0	0	1	1	0	1	1	1	1	1	1	1	1	1	0	0	1	1	0	1	1	1	1	0	1	1	1	0	1	1	1	1	1	1	1	1	1	1	0	1	1	1	0	0	0	0	0	0	0	1	1	1	0	0	0	
93 - Provence-Alpes-Côte d'Azur	13 - Bouches-du-Rhône	3 - Marseille	211300553 - Marseille	200054807	Métropole d'Aix-Marseille-Provence	METRO	0	1	2015-08-28	2016-01-01	ACCOR		92	1933030	59	FPU	0	1	0		1		Mme	Martine	VASSAL	Le Pharo 	58 Boulevard Charles Livon		13007 MARSEILLE	04 91 13 56 00	04 91 13 56 01			Tour la Marseillaise -	2 bis Quai d'Arenc		13002 MARSEILLE	    	04 91 13 56 01	Commune	211300991	Saint-Paul-lès-Durance			900				1	0	0	0	1	0	1	1	1	1	0	1	1	1	1	0	1	1	1	0	0	1	0	1	1	1	0	1	0	0	0	0	0	0	0	1	1	0	0	0	0	0	1	0	0	0	0	0	1	1	0	0	1	1	0	1	1	1	1	1	1	1	1	1	0	0	1	1	0	1	1	1	1	0	1	1	1	0	1	1	1	1	1	1	1	1	1	1	0	1	1	1	0	0	0	0	0	0	0	1	1	1	0	0	0	
93 - Provence-Alpes-Côte d'Azur	13 - Bouches-du-Rhône	3 - Marseille	211300553 - Marseille	200054807	Métropole d'Aix-Marseille-Provence	METRO	0	1	2015-08-28	2016-01-01	ACCOR		92	1933030	59	FPU	0	1	0		1		Mme	Martine	VASSAL	Le Pharo 	58 Boulevard Charles Livon		13007 MARSEILLE	04 91 13 56 00	04 91 13 56 01			Tour la Marseillaise -	2 bis Quai d'Arenc		13002 MARSEILLE	    	04 91 13 56 01	Commune	211301015	Saint-Savournin			3559				1	0	0	0	1	0	1	1	1	1	0	1	1	1	1	0	1	1	1	0	0	1	0	1	1	1	0	1	0	0	0	0	0	0	0	1	1	0	0	0	0	0	1	0	0	0	0	0	1	1	0	0	1	1	0	1	1	1	1	1	1	1	1	1	0	0	1	1	0	1	1	1	1	0	1	1	1	0	1	1	1	1	1	1	1	1	1	1	0	1	1	1	0	0	0	0	0	0	0	1	1	1	0	0	0	
93 - Provence-Alpes-Côte d'Azur	13 - Bouches-du-Rhône	3 - Marseille	211300553 - Marseille	200054807	Métropole d'Aix-Marseille-Provence	METRO	0	1	2015-08-28	2016-01-01	ACCOR		92	1933030	59	FPU	0	1	0		1		Mme	Martine	VASSAL	Le Pharo 	58 Boulevard Charles Livon		13007 MARSEILLE	04 91 13 56 00	04 91 13 56 01			Tour la Marseillaise -	2 bis Quai d'Arenc		13002 MARSEILLE	    	04 91 13 56 01	Commune	211301023	Saint-Victoret			6676				1	0	0	0	1	0	1	1	1	1	0	1	1	1	1	0	1	1	1	0	0	1	0	1	1	1	0	1	0	0	0	0	0	0	0	1	1	0	0	0	0	0	1	0	0	0	0	0	1	1	0	0	1	1	0	1	1	1	1	1	1	1	1	1	0	0	1	1	0	1	1	1	1	0	1	1	1	0	1	1	1	1	1	1	1	1	1	1	0	1	1	1	0	0	0	0	0	0	0	1	1	1	0	0	0	
93 - Provence-Alpes-Côte d'Azur	13 - Bouches-du-Rhône	3 - Marseille	211300553 - Marseille	200054807	Métropole d'Aix-Marseille-Provence	METRO	0	1	2015-08-28	2016-01-01	ACCOR		92	1933030	59	FPU	0	1	0		1		Mme	Martine	VASSAL	Le Pharo 	58 Boulevard Charles Livon		13007 MARSEILLE	04 91 13 56 00	04 91 13 56 01			Tour la Marseillaise -	2 bis Quai d'Arenc		13002 MARSEILLE	    	04 91 13 56 01	Commune	218301208	Saint-Zacharie			6003				1	0	0	0	1	0	1	1	1	1	0	1	1	1	1	0	1	1	1	0	0	1	0	1	1	1	0	1	0	0	0	0	0	0	0	1	1	0	0	0	0	0	1	0	0	0	0	0	1	1	0	0	1	1	0	1	1	1	1	1	1	1	1	1	0	0	1	1	0	1	1	1	1	0	1	1	1	0	1	1	1	1	1	1	1	1	1	1	0	1	1	1	0	0	0	0	0	0	0	1	1	1	0	0	0	
93 - Provence-Alpes-Côte d'Azur	13 - Bouches-du-Rhône	3 - Marseille	211300553 - Marseille	200054807	Métropole d'Aix-Marseille-Provence	METRO	0	1	2015-08-28	2016-01-01	ACCOR		92	1933030	59	FPU	0	1	0		1		Mme	Martine	VASSAL	Le Pharo 	58 Boulevard Charles Livon		13007 MARSEILLE	04 91 13 56 00	04 91 13 56 01			Tour la Marseillaise -	2 bis Quai d'Arenc		13002 MARSEILLE	    	04 91 13 56 01	Commune	211301031	Salon-de-Provence			45290				1	0	0	0	1	0	1	1	1	1	0	1	1	1	1	0	1	1	1	0	0	1	0	1	1	1	0	1	0	0	0	0	0	0	0	1	1	0	0	0	0	0	1	0	0	0	0	0	1	1	0	0	1	1	0	1	1	1	1	1	1	1	1	1	0	0	1	1	0	1	1	1	1	0	1	1	1	0	1	1	1	1	1	1	1	1	1	1	0	1	1	1	0	0	0	0	0	0	0	1	1	1	0	0	0	
93 - Provence-Alpes-Côte d'Azur	13 - Bouches-du-Rhône	3 - Marseille	211300553 - Marseille	200054807	Métropole d'Aix-Marseille-Provence	METRO	0	1	2015-08-28	2016-01-01	ACCOR		92	1933030	59	FPU	0	1	0		1		Mme	Martine	VASSAL	Le Pharo 	58 Boulevard Charles Livon		13007 MARSEILLE	04 91 13 56 00	04 91 13 56 01			Tour la Marseillaise -	2 bis Quai d'Arenc		13002 MARSEILLE	    	04 91 13 56 01	Commune	211301049	Sausset-les-Pins			7680				1	0	0	0	1	0	1	1	1	1	0	1	1	1	1	0	1	1	1	0	0	1	0	1	1	1	0	1	0	0	0	0	0	0	0	1	1	0	0	0	0	0	1	0	0	0	0	0	1	1	0	0	1	1	0	1	1	1	1	1	1	1	1	1	0	0	1	1	0	1	1	1	1	0	1	1	1	0	1	1	1	1	1	1	1	1	1	1	0	1	1	1	0	0	0	0	0	0	0	1	1	1	0	0	0	
93 - Provence-Alpes-Côte d'Azur	13 - Bouches-du-Rhône	3 - Marseille	211300553 - Marseille	200054807	Métropole d'Aix-Marseille-Provence	METRO	0	1	2015-08-28	2016-01-01	ACCOR		92	1933030	59	FPU	0	1	0		1		Mme	Martine	VASSAL	Le Pharo 	58 Boulevard Charles Livon		13007 MARSEILLE	04 91 13 56 00	04 91 13 56 01			Tour la Marseillaise -	2 bis Quai d'Arenc		13002 MARSEILLE	    	04 91 13 56 01	Commune	211301056	Sénas			6926				1	0	0	0	1	0	1	1	1	1	0	1	1	1	1	0	1	1	1	0	0	1	0	1	1	1	0	1	0	0	0	0	0	0	0	1	1	0	0	0	0	0	1	0	0	0	0	0	1	1	0	0	1	1	0	1	1	1	1	1	1	1	1	1	0	0	1	1	0	1	1	1	1	0	1	1	1	0	1	1	1	1	1	1	1	1	1	1	0	1	1	1	0	0	0	0	0	0	0	1	1	1	0	0	0	
93 - Provence-Alpes-Côte d'Azur	13 - Bouches-du-Rhône	3 - Marseille	211300553 - Marseille	200054807	Métropole d'Aix-Marseille-Provence	METRO	0	1	2015-08-28	2016-01-01	ACCOR		92	1933030	59	FPU	0	1	0		1		Mme	Martine	VASSAL	Le Pharo 	58 Boulevard Charles Livon		13007 MARSEILLE	04 91 13 56 00	04 91 13 56 01			Tour la Marseillaise -	2 bis Quai d'Arenc		13002 MARSEILLE	    	04 91 13 56 01	Commune	211301064	Septèmes-les-Vallons			11812				1	0	0	0	1	0	1	1	1	1	0	1	1	1	1	0	1	1	1	0	0	1	0	1	1	1	0	1	0	0	0	0	0	0	0	1	1	0	0	0	0	0	1	0	0	0	0	0	1	1	0	0	1	1	0	1	1	1	1	1	1	1	1	1	0	0	1	1	0	1	1	1	1	0	1	1	1	0	1	1	1	1	1	1	1	1	1	1	0	1	1	1	0	0	0	0	0	0	0	1	1	1	0	0	0	
93 - Provence-Alpes-Côte d'Azur	13 - Bouches-du-Rhône	3 - Marseille	211300553 - Marseille	200054807	Métropole d'Aix-Marseille-Provence	METRO	0	1	2015-08-28	2016-01-01	ACCOR		92	1933030	59	FPU	0	1	0		1		Mme	Martine	VASSAL	Le Pharo 	58 Boulevard Charles Livon		13007 MARSEILLE	04 91 13 56 00	04 91 13 56 01			Tour la Marseillaise -	2 bis Quai d'Arenc		13002 MARSEILLE	    	04 91 13 56 01	Commune	211301072	Simiane-Collongue			5973				1	0	0	0	1	0	1	1	1	1	0	1	1	1	1	0	1	1	1	0	0	1	0	1	1	1	0	1	0	0	0	0	0	0	0	1	1	0	0	0	0	0	1	0	0	0	0	0	1	1	0	0	1	1	0	1	1	1	1	1	1	1	1	1	0	0	1	1	0	1	1	1	1	0	1	1	1	0	1	1	1	1	1	1	1	1	1	1	0	1	1	1	0	0	0	0	0	0	0	1	1	1	0	0	0	
93 - Provence-Alpes-Côte d'Azur	13 - Bouches-du-Rhône	3 - Marseille	211300553 - Marseille	200054807	Métropole d'Aix-Marseille-Provence	METRO	0	1	2015-08-28	2016-01-01	ACCOR		92	1933030	59	FPU	0	1	0		1		Mme	Martine	VASSAL	Le Pharo 	58 Boulevard Charles Livon		13007 MARSEILLE	04 91 13 56 00	04 91 13 56 01			Tour la Marseillaise -	2 bis Quai d'Arenc		13002 MARSEILLE	    	04 91 13 56 01	Commune	211301106	Trets			10865				1	0	0	0	1	0	1	1	1	1	0	1	1	1	1	0	1	1	1	0	0	1	0	1	1	1	0	1	0	0	0	0	0	0	0	1	1	0	0	0	0	0	1	0	0	0	0	0	1	1	0	0	1	1	0	1	1	1	1	1	1	1	1	1	0	0	1	1	0	1	1	1	1	0	1	1	1	0	1	1	1	1	1	1	1	1	1	1	0	1	1	1	0	0	0	0	0	0	0	1	1	1	0	0	0	
93 - Provence-Alpes-Côte d'Azur	13 - Bouches-du-Rhône	3 - Marseille	211300553 - Marseille	200054807	Métropole d'Aix-Marseille-Provence	METRO	0	1	2015-08-28	2016-01-01	ACCOR		92	1933030	59	FPU	0	1	0		1		Mme	Martine	VASSAL	Le Pharo 	58 Boulevard Charles Livon		13007 MARSEILLE	04 91 13 56 00	04 91 13 56 01			Tour la Marseillaise -	2 bis Quai d'Arenc		13002 MARSEILLE	    	04 91 13 56 01	Commune	211301114	Vauvenargues			1063				1	0	0	0	1	0	1	1	1	1	0	1	1	1	1	0	1	1	1	0	0	1	0	1	1	1	0	1	0	0	0	0	0	0	0	1	1	0	0	0	0	0	1	0	0	0	0	0	1	1	0	0	1	1	0	1	1	1	1	1	1	1	1	1	0	0	1	1	0	1	1	1	1	0	1	1	1	0	1	1	1	1	1	1	1	1	1	1	0	1	1	1	0	0	0	0	0	0	0	1	1	1	0	0	0	
93 - Provence-Alpes-Côte d'Azur	13 - Bouches-du-Rhône	3 - Marseille	211300553 - Marseille	200054807	Métropole d'Aix-Marseille-Provence	METRO	0	1	2015-08-28	2016-01-01	ACCOR		92	1933030	59	FPU	0	1	0		1		Mme	Martine	VASSAL	Le Pharo 	58 Boulevard Charles Livon		13007 MARSEILLE	04 91 13 56 00	04 91 13 56 01			Tour la Marseillaise -	2 bis Quai d'Arenc		13002 MARSEILLE	    	04 91 13 56 01	Commune	211301122	Velaux			8858				1	0	0	0	1	0	1	1	1	1	0	1	1	1	1	0	1	1	1	0	0	1	0	1	1	1	0	1	0	0	0	0	0	0	0	1	1	0	0	0	0	0	1	0	0	0	0	0	1	1	0	0	1	1	0	1	1	1	1	1	1	1	1	1	0	0	1	1	0	1	1	1	1	0	1	1	1	0	1	1	1	1	1	1	1	1	1	1	0	1	1	1	0	0	0	0	0	0	0	1	1	1	0	0	0	
93 - Provence-Alpes-Côte d'Azur	13 - Bouches-du-Rhône	3 - Marseille	211300553 - Marseille	200054807	Métropole d'Aix-Marseille-Provence	METRO	0	1	2015-08-28	2016-01-01	ACCOR		92	1933030	59	FPU	0	1	0		1		Mme	Martine	VASSAL	Le Pharo 	58 Boulevard Charles Livon		13007 MARSEILLE	04 91 13 56 00	04 91 13 56 01			Tour la Marseillaise -	2 bis Quai d'Arenc		13002 MARSEILLE	    	04 91 13 56 01	Commune	211301130	Venelles			8590				1	0	0	0	1	0	1	1	1	1	0	1	1	1	1	0	1	1	1	0	0	1	0	1	1	1	0	1	0	0	0	0	0	0	0	1	1	0	0	0	0	0	1	0	0	0	0	0	1	1	0	0	1	1	0	1	1	1	1	1	1	1	1	1	0	0	1	1	0	1	1	1	1	0	1	1	1	0	1	1	1	1	1	1	1	1	1	1	0	1	1	1	0	0	0	0	0	0	0	1	1	1	0	0	0	
93 - Provence-Alpes-Côte d'Azur	13 - Bouches-du-Rhône	3 - Marseille	211300553 - Marseille	200054807	Métropole d'Aix-Marseille-Provence	METRO	0	1	2015-08-28	2016-01-01	ACCOR		92	1933030	59	FPU	0	1	0		1		Mme	Martine	VASSAL	Le Pharo 	58 Boulevard Charles Livon		13007 MARSEILLE	04 91 13 56 00	04 91 13 56 01			Tour la Marseillaise -	2 bis Quai d'Arenc		13002 MARSEILLE	    	04 91 13 56 01	Commune	211301148	Ventabren			5623				1	0	0	0	1	0	1	1	1	1	0	1	1	1	1	0	1	1	1	0	0	1	0	1	1	1	0	1	0	0	0	0	0	0	0	1	1	0	0	0	0	0	1	0	0	0	0	0	1	1	0	0	1	1	0	1	1	1	1	1	1	1	1	1	0	0	1	1	0	1	1	1	1	0	1	1	1	0	1	1	1	1	1	1	1	1	1	1	0	1	1	1	0	0	0	0	0	0	0	1	1	1	0	0	0	
93 - Provence-Alpes-Côte d'Azur	13 - Bouches-du-Rhône	3 - Marseille	211300553 - Marseille	200054807	Métropole d'Aix-Marseille-Provence	METRO	0	1	2015-08-28	2016-01-01	ACCOR		92	1933030	59	FPU	0	1	0		1		Mme	Martine	VASSAL	Le Pharo 	58 Boulevard Charles Livon		13007 MARSEILLE	04 91 13 56 00	04 91 13 56 01			Tour la Marseillaise -	2 bis Quai d'Arenc		13002 MARSEILLE	    	04 91 13 56 01	Commune	211301155	Vernègues			2167				1	0	0	0	1	0	1	1	1	1	0	1	1	1	1	0	1	1	1	0	0	1	0	1	1	1	0	1	0	0	0	0	0	0	0	1	1	0	0	0	0	0	1	0	0	0	0	0	1	1	0	0	1	1	0	1	1	1	1	1	1	1	1	1	0	0	1	1	0	1	1	1	1	0	1	1	1	0	1	1	1	1	1	1	1	1	1	1	0	1	1	1	0	0	0	0	0	0	0	1	1	1	0	0	0	
93 - Provence-Alpes-Côte d'Azur	13 - Bouches-du-Rhône	3 - Marseille	211300553 - Marseille	200054807	Métropole d'Aix-Marseille-Provence	METRO	0	1	2015-08-28	2016-01-01	ACCOR		92	1933030	59	FPU	0	1	0		1		Mme	Martine	VASSAL	Le Pharo 	58 Boulevard Charles Livon		13007 MARSEILLE	04 91 13 56 00	04 91 13 56 01			Tour la Marseillaise -	2 bis Quai d'Arenc		13002 MARSEILLE	    	04 91 13 56 01	Commune	211301171	Vitrolles			35927				1	0	0	0	1	0	1	1	1	1	0	1	1	1	1	0	1	1	1	0	0	1	0	1	1	1	0	1	0	0	0	0	0	0	0	1	1	0	0	0	0	0	1	0	0	0	0	0	1	1	0	0	1	1	0	1	1	1	1	1	1	1	1	1	0	0	1	1	0	1	1	1	1	0	1	1	1	0	1	1	1	1	1	1	1	1	1	1	0	1	1	1	0	0	0	0	0	0	0	1	1	1	0	0	0	
93 - Provence-Alpes-Côte d'Azur	13 - Bouches-du-Rhône	2 - Arles	211300363 - Eyragues	200035087	CA Terre de Provence	CA	0	0	1996-12-24	1996-12-24	ACCOR		13	61424	36	FPU	0	0	0	 	0	 	Mme	Corinne	CHABAUD		Chemin Notre-Dame		13630 EYRAGUES	    	    						 	    	    	Commune	211300108	Barbentane			4375	258402304	SM d'aménagement de la vallée de la Durance (SMAVD)	348805	0	0	0	0	0	0	1	1	1	1	0	0	0	1	1	0	1	1	1	0	0	1	0	0	0	0	0	0	0	0	0	1	0	0	0	1	1	0	0	0	0	0	1	0	0	0	0	0	1	0	0	0	0	0	0	1	1	0	1	1	1	1	0	0	0	0	1	0	0	1	0	1	1	0	1	1	1	0	1	1	1	1	1	1	0	0	0	0	0	0	0	0	0	0	0	0	0	0	0	0	0	1	0	0	1	
93 - Provence-Alpes-Côte d'Azur	13 - Bouches-du-Rhône	2 - Arles	211300363 - Eyragues	200035087	CA Terre de Provence	CA	0	0	1996-12-24	1996-12-24	ACCOR		13	61424	36	FPU	0	0	0	 	0	 	Mme	Corinne	CHABAUD		Chemin Notre-Dame		13630 EYRAGUES	    	    						 	    	    	Commune	211300181	Cabannes			4656	200089209	SMAH du bassin de Tarascon-Barbentane et pour l'entretien de la Lône de Vallabrègues (SMHTBLV)	43094	0	0	0	0	0	0	1	1	1	1	0	0	0	1	1	0	1	1	1	0	0	1	0	0	0	0	0	0	0	0	0	1	0	0	0	1	1	0	0	0	0	0	1	0	0	0	0	0	1	0	0	0	0	0	0	1	1	0	1	1	1	1	0	0	0	0	1	0	0	1	0	1	1	0	1	1	1	0	1	1	1	1	1	1	0	0	0	0	0	0	0	0	0	0	0	0	0	0	0	0	0	1	0	0	1	
93 - Provence-Alpes-Côte d'Azur	13 - Bouches-du-Rhône	2 - Arles	211300363 - Eyragues	200035087	CA Terre de Provence	CA	0	0	1996-12-24	1996-12-24	ACCOR		13	61424	36	FPU	0	0	0	 	0	 	Mme	Corinne	CHABAUD		Chemin Notre-Dame		13630 EYRAGUES	    	    						 	    	    	Commune	211300272	Châteaurenard			16925	200076289	PETR du Pays d'Arles	174260	0	0	0	0	0	0	1	1	1	1	0	0	0	1	1	0	1	1	1	0	0	1	0	0	0	0	0	0	0	0	0	1	0	0	0	1	1	0	0	0	0	0	1	0	0	0	0	0	1	0	0	0	0	0	0	1	1	0	1	1	1	1	0	0	0	0	1	0	0	1	0	1	1	0	1	1	1	0	1	1	1	1	1	1	0	0	0	0	0	0	0	0	0	0	0	0	0	0	0	0	0	1	0	0	1	
93 - Provence-Alpes-Côte d'Azur	13 - Bouches-du-Rhône	2 - Arles	211300363 - Eyragues	200035087	CA Terre de Provence	CA	0	0	1996-12-24	1996-12-24	ACCOR		13	61424	36	FPU	0	0	0	 	0	 	Mme	Corinne	CHABAUD		Chemin Notre-Dame		13630 EYRAGUES	    	    						 	    	    	Commune	211300363	Eyragues			4482				0	0	0	0	0	0	1	1	1	1	0	0	0	1	1	0	1	1	1	0	0	1	0	0	0	0	0	0	0	0	0	1	0	0	0	1	1	0	0	0	0	0	1	0	0	0	0	0	1	0	0	0	0	0	0	1	1	0	1	1	1	1	0	0	0	0	1	0	0	1	0	1	1	0	1	1	1	0	1	1	1	1	1	1	0	0	0	0	0	0	0	0	0	0	0	0	0	0	0	0	0	1	0	0	1	
93 - Provence-Alpes-Côte d'Azur	13 - Bouches-du-Rhône	2 - Arles	211300363 - Eyragues	200035087	CA Terre de Provence	CA	0	0	1996-12-24	1996-12-24	ACCOR		13	61424	36	FPU	0	0	0	 	0	 	Mme	Corinne	CHABAUD		Chemin Notre-Dame		13630 EYRAGUES	    	    						 	    	    	Commune	211300454	Graveson			4864				0	0	0	0	0	0	1	1	1	1	0	0	0	1	1	0	1	1	1	0	0	1	0	0	0	0	0	0	0	0	0	1	0	0	0	1	1	0	0	0	0	0	1	0	0	0	0	0	1	0	0	0	0	0	0	1	1	0	1	1	1	1	0	0	0	0	1	0	0	1	0	1	1	0	1	1	1	0	1	1	1	1	1	1	0	0	0	0	0	0	0	0	0	0	0	0	0	0	0	0	0	1	0	0	1	
93 - Provence-Alpes-Côte d'Azur	13 - Bouches-du-Rhône	2 - Arles	211300363 - Eyragues	200035087	CA Terre de Provence	CA	0	0	1996-12-24	1996-12-24	ACCOR		13	61424	36	FPU	0	0	0	 	0	 	Mme	Corinne	CHABAUD		Chemin Notre-Dame		13630 EYRAGUES	    	    						 	    	    	Commune	211300520	Maillane			2770				0	0	0	0	0	0	1	1	1	1	0	0	0	1	1	0	1	1	1	0	0	1	0	0	0	0	0	0	0	0	0	1	0	0	0	1	1	0	0	0	0	0	1	0	0	0	0	0	1	0	0	0	0	0	0	1	1	0	1	1	1	1	0	0	0	0	1	0	0	1	0	1	1	0	1	1	1	0	1	1	1	1	1	1	0	0	0	0	0	0	0	0	0	0	0	0	0	0	0	0	0	1	0	0	1	
93 - Provence-Alpes-Côte d'Azur	13 - Bouches-du-Rhône	2 - Arles	211300363 - Eyragues	200035087	CA Terre de Provence	CA	0	0	1996-12-24	1996-12-24	ACCOR		13	61424	36	FPU	0	0	0	 	0	 	Mme	Corinne	CHABAUD		Chemin Notre-Dame		13630 EYRAGUES	    	    						 	    	    	Commune	211300645	Mollégès			2694				0	0	0	0	0	0	1	1	1	1	0	0	0	1	1	0	1	1	1	0	0	1	0	0	0	0	0	0	0	0	0	1	0	0	0	1	1	0	0	0	0	0	1	0	0	0	0	0	1	0	0	0	0	0	0	1	1	0	1	1	1	1	0	0	0	0	1	0	0	1	0	1	1	0	1	1	1	0	1	1	1	1	1	1	0	0	0	0	0	0	0	0	0	0	0	0	0	0	0	0	0	1	0	0	1	
93 - Provence-Alpes-Côte d'Azur	13 - Bouches-du-Rhône	2 - Arles	211300363 - Eyragues	200035087	CA Terre de Provence	CA	0	0	1996-12-24	1996-12-24	ACCOR		13	61424	36	FPU	0	0	0	 	0	 	Mme	Corinne	CHABAUD		Chemin Notre-Dame		13630 EYRAGUES	    	    						 	    	    	Commune	211300660	Noves			5920				0	0	0	0	0	0	1	1	1	1	0	0	0	1	1	0	1	1	1	0	0	1	0	0	0	0	0	0	0	0	0	1	0	0	0	1	1	0	0	0	0	0	1	0	0	0	0	0	1	0	0	0	0	0	0	1	1	0	1	1	1	1	0	0	0	0	1	0	0	1	0	1	1	0	1	1	1	0	1	1	1	1	1	1	0	0	0	0	0	0	0	0	0	0	0	0	0	0	0	0	0	1	0	0	1	
93 - Provence-Alpes-Côte d'Azur	13 - Bouches-du-Rhône	2 - Arles	211300363 - Eyragues	200035087	CA Terre de Provence	CA	0	0	1996-12-24	1996-12-24	ACCOR		13	61424	36	FPU	0	0	0	 	0	 	Mme	Corinne	CHABAUD		Chemin Notre-Dame		13630 EYRAGUES	    	    						 	    	    	Commune	211300678	Orgon			2731				0	0	0	0	0	0	1	1	1	1	0	0	0	1	1	0	1	1	1	0	0	1	0	0	0	0	0	0	0	0	0	1	0	0	0	1	1	0	0	0	0	0	1	0	0	0	0	0	1	0	0	0	0	0	0	1	1	0	1	1	1	1	0	0	0	0	1	0	0	1	0	1	1	0	1	1	1	0	1	1	1	1	1	1	0	0	0	0	0	0	0	0	0	0	0	0	0	0	0	0	0	1	0	0	1	
93 - Provence-Alpes-Côte d'Azur	13 - Bouches-du-Rhône	2 - Arles	211300363 - Eyragues	200035087	CA Terre de Provence	CA	0	0	1996-12-24	1996-12-24	ACCOR		13	61424	36	FPU	0	0	0	 	0	 	Mme	Corinne	CHABAUD		Chemin Notre-Dame		13630 EYRAGUES	    	    						 	    	    	Commune	211300769	Plan-d'Orgon			3602				0	0	0	0	0	0	1	1	1	1	0	0	0	1	1	0	1	1	1	0	0	1	0	0	0	0	0	0	0	0	0	1	0	0	0	1	1	0	0	0	0	0	1	0	0	0	0	0	1	0	0	0	0	0	0	1	1	0	1	1	1	1	0	0	0	0	1	0	0	1	0	1	1	0	1	1	1	0	1	1	1	1	1	1	0	0	0	0	0	0	0	0	0	0	0	0	0	0	0	0	0	1	0	0	1	
93 - Provence-Alpes-Côte d'Azur	13 - Bouches-du-Rhône	2 - Arles	211300363 - Eyragues	200035087	CA Terre de Provence	CA	0	0	1996-12-24	1996-12-24	ACCOR		13	61424	36	FPU	0	0	0	 	0	 	Mme	Corinne	CHABAUD		Chemin Notre-Dame		13630 EYRAGUES	    	    						 	    	    	Commune	211300835	Rognonas			4166				0	0	0	0	0	0	1	1	1	1	0	0	0	1	1	0	1	1	1	0	0	1	0	0	0	0	0	0	0	0	0	1	0	0	0	1	1	0	0	0	0	0	1	0	0	0	0	0	1	0	0	0	0	0	0	1	1	0	1	1	1	1	0	0	0	0	1	0	0	1	0	1	1	0	1	1	1	0	1	1	1	1	1	1	0	0	0	0	0	0	0	0	0	0	0	0	0	0	0	0	0	1	0	0	1	
93 - Provence-Alpes-Côte d'Azur	13 - Bouches-du-Rhône	2 - Arles	211300363 - Eyragues	200035087	CA Terre de Provence	CA	0	0	1996-12-24	1996-12-24	ACCOR		13	61424	36	FPU	0	0	0	 	0	 	Mme	Corinne	CHABAUD		Chemin Notre-Dame		13630 EYRAGUES	    	    						 	    	    	Commune	211300892	Saint-Andiol			3435				0	0	0	0	0	0	1	1	1	1	0	0	0	1	1	0	1	1	1	0	0	1	0	0	0	0	0	0	0	0	0	1	0	0	0	1	1	0	0	0	0	0	1	0	0	0	0	0	1	0	0	0	0	0	0	1	1	0	1	1	1	1	0	0	0	0	1	0	0	1	0	1	1	0	1	1	1	0	1	1	1	1	1	1	0	0	0	0	0	0	0	0	0	0	0	0	0	0	0	0	0	1	0	0	1	
93 - Provence-Alpes-Côte d'Azur	13 - Bouches-du-Rhône	2 - Arles	211300363 - Eyragues	200035087	CA Terre de Provence	CA	0	0	1996-12-24	1996-12-24	ACCOR		13	61424	36	FPU	0	0	0	 	0	 	Mme	Corinne	CHABAUD		Chemin Notre-Dame		13630 EYRAGUES	    	    						 	    	    	Commune	211301163	Verquières			804				0	0	0	0	0	0	1	1	1	1	0	0	0	1	1	0	1	1	1	0	0	1	0	0	0	0	0	0	0	0	0	1	0	0	0	1	1	0	0	0	0	0	1	0	0	0	0	0	1	0	0	0	0	0	0	1	1	0	1	1	1	1	0	0	0	0	1	0	0	1	0	1	1	0	1	1	1	0	1	1	1	1	1	1	0	0	0	0	0	0	0	0	0	0	0	0	0	0	0	0	0	1	0	0	1	
93 - Provence-Alpes-Côte d'Azur	13 - Bouches-du-Rhône	2 - Arles	211300041 - Arles	241300417	CA d'Arles-Crau-Camargue-Montagnette	CA	0	0	2003-12-04	2003-12-04	RDC		6	84617	36	FPU	0	0	0		0		M.	Patrick	DE CAROLIS	Parc des ateliers	5 Rue Yvan Audouard		13200 ARLES	    	    	lepresident@agglo-accm.fr		Parc des ateliers	5 rue Yvan Audouard		13200 ARLES	04 86 52 60 00	    	Commune	211300041	Arles			51121	251302048	SM interrégional d'aménagement des digues du Rhône et de la Mer (SYMADREM)	164946	0	0	0	0	0	0	1	1	1	1	0	0	0	1	1	0	1	1	1	0	0	1	0	0	0	0	0	0	0	0	0	0	0	0	0	1	1	0	0	0	0	0	1	0	0	0	0	0	1	0	0	0	0	0	0	1	1	0	1	1	1	1	0	0	0	0	1	1	0	0	0	0	1	0	1	1	1	0	1	1	1	1	1	1	1	0	0	0	0	0	0	0	0	0	0	0	0	0	0	0	1	1	0	0	1	
93 - Provence-Alpes-Côte d'Azur	13 - Bouches-du-Rhône	2 - Arles	211300041 - Arles	241300417	CA d'Arles-Crau-Camargue-Montagnette	CA	0	0	2003-12-04	2003-12-04	RDC		6	84617	36	FPU	0	0	0		0		M.	Patrick	DE CAROLIS	Parc des ateliers	5 Rue Yvan Audouard		13200 ARLES	    	    	lepresident@agglo-accm.fr		Parc des ateliers	5 rue Yvan Audouard		13200 ARLES	04 86 52 60 00	    	Commune	211300173	Boulbon			1537	253002919	SM Sud Rhône Environnement	121406	0	0	0	0	0	0	1	1	1	1	0	0	0	1	1	0	1	1	1	0	0	1	0	0	0	0	0	0	0	0	0	0	0	0	0	1	1	0	0	0	0	0	1	0	0	0	0	0	1	0	0	0	0	0	0	1	1	0	1	1	1	1	0	0	0	0	1	1	0	0	0	0	1	0	1	1	1	0	1	1	1	1	1	1	1	0	0	0	0	0	0	0	0	0	0	0	0	0	0	0	1	1	0	0	1	
93 - Provence-Alpes-Côte d'Azur	13 - Bouches-du-Rhône	2 - Arles	211300041 - Arles	241300417	CA d'Arles-Crau-Camargue-Montagnette	CA	0	0	2003-12-04	2003-12-04	RDC		6	84617	36	FPU	0	0	0		0		M.	Patrick	DE CAROLIS	Parc des ateliers	5 Rue Yvan Audouard		13200 ARLES	    	    	lepresident@agglo-accm.fr		Parc des ateliers	5 rue Yvan Audouard		13200 ARLES	04 86 52 60 00	    	Commune	211300967	Saintes-Maries-de-la-Mer			2143	251302014	SM de gestion du Parc naturel régional des Alpilles	2048597	0	0	0	0	0	0	1	1	1	1	0	0	0	1	1	0	1	1	1	0	0	1	0	0	0	0	0	0	0	0	0	0	0	0	0	1	1	0	0	0	0	0	1	0	0	0	0	0	1	0	0	0	0	0	0	1	1	0	1	1	1	1	0	0	0	0	1	1	0	0	0	0	1	0	1	1	1	0	1	1	1	1	1	1	1	0	0	0	0	0	0	0	0	0	0	0	0	0	0	0	1	1	0	0	1	
93 - Provence-Alpes-Côte d'Azur	13 - Bouches-du-Rhône	2 - Arles	211300041 - Arles	241300417	CA d'Arles-Crau-Camargue-Montagnette	CA	0	0	2003-12-04	2003-12-04	RDC		6	84617	36	FPU	0	0	0		0		M.	Patrick	DE CAROLIS	Parc des ateliers	5 Rue Yvan Audouard		13200 ARLES	    	    	lepresident@agglo-accm.fr		Parc des ateliers	5 rue Yvan Audouard		13200 ARLES	04 86 52 60 00	    	Commune	211300975	Saint-Martin-de-Crau			14027	251302295	SM pour la gestion du Parc naturel régional de Camargue	2017647	0	0	0	0	0	0	1	1	1	1	0	0	0	1	1	0	1	1	1	0	0	1	0	0	0	0	0	0	0	0	0	0	0	0	0	1	1	0	0	0	0	0	1	0	0	0	0	0	1	0	0	0	0	0	0	1	1	0	1	1	1	1	0	0	0	0	1	1	0	0	0	0	1	0	1	1	1	0	1	1	1	1	1	1	1	0	0	0	0	0	0	0	0	0	0	0	0	0	0	0	1	1	0	0	1	
93 - Provence-Alpes-Côte d'Azur	13 - Bouches-du-Rhône	2 - Arles	211300041 - Arles	241300417	CA d'Arles-Crau-Camargue-Montagnette	CA	0	0	2003-12-04	2003-12-04	RDC		6	84617	36	FPU	0	0	0		0		M.	Patrick	DE CAROLIS	Parc des ateliers	5 Rue Yvan Audouard		13200 ARLES	    	    	lepresident@agglo-accm.fr		Parc des ateliers	5 rue Yvan Audouard		13200 ARLES	04 86 52 60 00	    	Commune	211300611	Saint-Pierre-de-Mézoargues			227	200076289	PETR du Pays d'Arles	174260	0	0	0	0	0	0	1	1	1	1	0	0	0	1	1	0	1	1	1	0	0	1	0	0	0	0	0	0	0	0	0	0	0	0	0	1	1	0	0	0	0	0	1	0	0	0	0	0	1	0	0	0	0	0	0	1	1	0	1	1	1	1	0	0	0	0	1	1	0	0	0	0	1	0	1	1	1	0	1	1	1	1	1	1	1	0	0	0	0	0	0	0	0	0	0	0	0	0	0	0	1	1	0	0	1	
93 - Provence-Alpes-Côte d'Azur	13 - Bouches-du-Rhône	2 - Arles	211300041 - Arles	241300417	CA d'Arles-Crau-Camargue-Montagnette	CA	0	0	2003-12-04	2003-12-04	RDC		6	84617	36	FPU	0	0	0		0		M.	Patrick	DE CAROLIS	Parc des ateliers	5 Rue Yvan Audouard		13200 ARLES	    	    	lepresident@agglo-accm.fr		Parc des ateliers	5 rue Yvan Audouard		13200 ARLES	04 86 52 60 00	    	Commune	211301080	Tarascon			15562	200089209	SMAH du bassin de Tarascon-Barbentane et pour l'entretien de la Lône de Vallabrègues (SMHTBLV)	43094	0	0	0	0	0	0	1	1	1	1	0	0	0	1	1	0	1	1	1	0	0	1	0	0	0	0	0	0	0	0	0	0	0	0	0	1	1	0	0	0	0	0	1	0	0	0	0	0	1	0	0	0	0	0	0	1	1	0	1	1	1	1	0	0	0	0	1	1	0	0	0	0	1	0	1	1	1	0	1	1	1	1	1	1	1	0	0	0	0	0	0	0	0	0	0	0	0	0	0	0	1	1	0	0	1	
93 - Provence-Alpes-Côte d'Azur	13 - Bouches-du-Rhône	2 - Arles	211301007 - Saint-Rémy-de-Provence	241300375	CC Vallée des Baux-Alpilles (CC VBA)	CC	0	0	1995-12-29	1995-12-29	ACCOR		10	28219	20	FPU	0	0	0	 	0	 	M.	Hervé	CHERUBINI	 ZA La Massane	23 Avenue des Joncades Basses		13210 SAINT REMY DE PROVENCE	04 90 54 54 01	    						 	    	    	Commune	211300066	Aureille			1575	253002919	SM Sud Rhône Environnement	121406	0	0	0	0	0	0	1	1	1	1	0	0	0	1	1	0	1	1	1	0	0	1	0	0	0	1	0	0	0	0	0	0	0	0	0	0	0	0	0	0	0	0	1	0	0	0	0	0	0	0	0	0	0	0	0	1	1	0	1	1	1	0	0	0	0	0	0	0	0	0	0	0	1	0	0	0	0	0	0	0	0	0	0	0	0	0	0	0	0	0	0	0	0	0	0	0	0	0	0	0	0	1	0	0	1	
93 - Provence-Alpes-Côte d'Azur	13 - Bouches-du-Rhône	2 - Arles	211301007 - Saint-Rémy-de-Provence	241300375	CC Vallée des Baux-Alpilles (CC VBA)	CC	0	0	1995-12-29	1995-12-29	ACCOR		10	28219	20	FPU	0	0	0	 	0	 	M.	Hervé	CHERUBINI	 ZA La Massane	23 Avenue des Joncades Basses		13210 SAINT REMY DE PROVENCE	04 90 54 54 01	    						 	    	    	Commune	211300348	Eygalières			1764	251302014	SM de gestion du Parc naturel régional des Alpilles	2048597	0	0	0	0	0	0	1	1	1	1	0	0	0	1	1	0	1	1	1	0	0	1	0	0	0	1	0	0	0	0	0	0	0	0	0	0	0	0	0	0	0	0	1	0	0	0	0	0	0	0	0	0	0	0	0	1	1	0	1	1	1	0	0	0	0	0	0	0	0	0	0	0	1	0	0	0	0	0	0	0	0	0	0	0	0	0	0	0	0	0	0	0	0	0	0	0	0	0	0	0	0	1	0	0	1	
93 - Provence-Alpes-Côte d'Azur	13 - Bouches-du-Rhône	2 - Arles	211301007 - Saint-Rémy-de-Provence	241300375	CC Vallée des Baux-Alpilles (CC VBA)	CC	0	0	1995-12-29	1995-12-29	ACCOR		10	28219	20	FPU	0	0	0	 	0	 	M.	Hervé	CHERUBINI	 ZA La Massane	23 Avenue des Joncades Basses		13210 SAINT REMY DE PROVENCE	04 90 54 54 01	    						 	    	    	Commune	211300389	Fontvieille			3588	200076289	PETR du Pays d'Arles	174260	0	0	0	0	0	0	1	1	1	1	0	0	0	1	1	0	1	1	1	0	0	1	0	0	0	1	0	0	0	0	0	0	0	0	0	0	0	0	0	0	0	0	1	0	0	0	0	0	0	0	0	0	0	0	0	1	1	0	1	1	1	0	0	0	0	0	0	0	0	0	0	0	1	0	0	0	0	0	0	0	0	0	0	0	0	0	0	0	0	0	0	0	0	0	0	0	0	0	0	0	0	1	0	0	1	
93 - Provence-Alpes-Côte d'Azur	13 - Bouches-du-Rhône	2 - Arles	211301007 - Saint-Rémy-de-Provence	241300375	CC Vallée des Baux-Alpilles (CC VBA)	CC	0	0	1995-12-29	1995-12-29	ACCOR		10	28219	20	FPU	0	0	0	 	0	 	M.	Hervé	CHERUBINI	 ZA La Massane	23 Avenue des Joncades Basses		13210 SAINT REMY DE PROVENCE	04 90 54 54 01	    						 	    	    	Commune	211300116	Les Baux-de-Provence			293				0	0	0	0	0	0	1	1	1	1	0	0	0	1	1	0	1	1	1	0	0	1	0	0	0	1	0	0	0	0	0	0	0	0	0	0	0	0	0	0	0	0	1	0	0	0	0	0	0	0	0	0	0	0	0	1	1	0	1	1	1	0	0	0	0	0	0	0	0	0	0	0	1	0	0	0	0	0	0	0	0	0	0	0	0	0	0	0	0	0	0	0	0	0	0	0	0	0	0	0	0	1	0	0	1	
93 - Provence-Alpes-Côte d'Azur	13 - Bouches-du-Rhône	2 - Arles	211301007 - Saint-Rémy-de-Provence	241300375	CC Vallée des Baux-Alpilles (CC VBA)	CC	0	0	1995-12-29	1995-12-29	ACCOR		10	28219	20	FPU	0	0	0	 	0	 	M.	Hervé	CHERUBINI	 ZA La Massane	23 Avenue des Joncades Basses		13210 SAINT REMY DE PROVENCE	04 90 54 54 01	    						 	    	    	Commune	211300579	Mas-Blanc-des-Alpilles			523				0	0	0	0	0	0	1	1	1	1	0	0	0	1	1	0	1	1	1	0	0	1	0	0	0	1	0	0	0	0	0	0	0	0	0	0	0	0	0	0	0	0	1	0	0	0	0	0	0	0	0	0	0	0	0	1	1	0	1	1	1	0	0	0	0	0	0	0	0	0	0	0	1	0	0	0	0	0	0	0	0	0	0	0	0	0	0	0	0	0	0	0	0	0	0	0	0	0	0	0	0	1	0	0	1	
93 - Provence-Alpes-Côte d'Azur	13 - Bouches-du-Rhône	2 - Arles	211301007 - Saint-Rémy-de-Provence	241300375	CC Vallée des Baux-Alpilles (CC VBA)	CC	0	0	1995-12-29	1995-12-29	ACCOR		10	28219	20	FPU	0	0	0	 	0	 	M.	Hervé	CHERUBINI	 ZA La Massane	23 Avenue des Joncades Basses		13210 SAINT REMY DE PROVENCE	04 90 54 54 01	    						 	    	    	Commune	211300587	Maussane-les-Alpilles			2446				0	0	0	0	0	0	1	1	1	1	0	0	0	1	1	0	1	1	1	0	0	1	0	0	0	1	0	0	0	0	0	0	0	0	0	0	0	0	0	0	0	0	1	0	0	0	0	0	0	0	0	0	0	0	0	1	1	0	1	1	1	0	0	0	0	0	0	0	0	0	0	0	1	0	0	0	0	0	0	0	0	0	0	0	0	0	0	0	0	0	0	0	0	0	0	0	0	0	0	0	0	1	0	0	1	
93 - Provence-Alpes-Côte d'Azur	13 - Bouches-du-Rhône	2 - Arles	211301007 - Saint-Rémy-de-Provence	241300375	CC Vallée des Baux-Alpilles (CC VBA)	CC	0	0	1995-12-29	1995-12-29	ACCOR		10	28219	20	FPU	0	0	0	 	0	 	M.	Hervé	CHERUBINI	 ZA La Massane	23 Avenue des Joncades Basses		13210 SAINT REMY DE PROVENCE	04 90 54 54 01	    						 	    	    	Commune	211300652	Mouriès			3459				0	0	0	0	0	0	1	1	1	1	0	0	0	1	1	0	1	1	1	0	0	1	0	0	0	1	0	0	0	0	0	0	0	0	0	0	0	0	0	0	0	0	1	0	0	0	0	0	0	0	0	0	0	0	0	1	1	0	1	1	1	0	0	0	0	0	0	0	0	0	0	0	1	0	0	0	0	0	0	0	0	0	0	0	0	0	0	0	0	0	0	0	0	0	0	0	0	0	0	0	0	1	0	0	1	
93 - Provence-Alpes-Côte d'Azur	13 - Bouches-du-Rhône	2 - Arles	211301007 - Saint-Rémy-de-Provence	241300375	CC Vallée des Baux-Alpilles (CC VBA)	CC	0	0	1995-12-29	1995-12-29	ACCOR		10	28219	20	FPU	0	0	0	 	0	 	M.	Hervé	CHERUBINI	 ZA La Massane	23 Avenue des Joncades Basses		13210 SAINT REMY DE PROVENCE	04 90 54 54 01	    						 	    	    	Commune	211300686	Paradou			2239				0	0	0	0	0	0	1	1	1	1	0	0	0	1	1	0	1	1	1	0	0	1	0	0	0	1	0	0	0	0	0	0	0	0	0	0	0	0	0	0	0	0	1	0	0	0	0	0	0	0	0	0	0	0	0	1	1	0	1	1	1	0	0	0	0	0	0	0	0	0	0	0	1	0	0	0	0	0	0	0	0	0	0	0	0	0	0	0	0	0	0	0	0	0	0	0	0	0	0	0	0	1	0	0	1	
93 - Provence-Alpes-Côte d'Azur	13 - Bouches-du-Rhône	2 - Arles	211301007 - Saint-Rémy-de-Provence	241300375	CC Vallée des Baux-Alpilles (CC VBA)	CC	0	0	1995-12-29	1995-12-29	ACCOR		10	28219	20	FPU	0	0	0	 	0	 	M.	Hervé	CHERUBINI	 ZA La Massane	23 Avenue des Joncades Basses		13210 SAINT REMY DE PROVENCE	04 90 54 54 01	    						 	    	    	Commune	211300942	Saint-Étienne-du-Grès			2528				0	0	0	0	0	0	1	1	1	1	0	0	0	1	1	0	1	1	1	0	0	1	0	0	0	1	0	0	0	0	0	0	0	0	0	0	0	0	0	0	0	0	1	0	0	0	0	0	0	0	0	0	0	0	0	1	1	0	1	1	1	0	0	0	0	0	0	0	0	0	0	0	1	0	0	0	0	0	0	0	0	0	0	0	0	0	0	0	0	0	0	0	0	0	0	0	0	0	0	0	0	1	0	0	1	
93 - Provence-Alpes-Côte d'Azur	13 - Bouches-du-Rhône	2 - Arles	211301007 - Saint-Rémy-de-Provence	241300375	CC Vallée des Baux-Alpilles (CC VBA)	CC	0	0	1995-12-29	1995-12-29	ACCOR		10	28219	20	FPU	0	0	0	 	0	 	M.	Hervé	CHERUBINI	 ZA La Massane	23 Avenue des Joncades Basses		13210 SAINT REMY DE PROVENCE	04 90 54 54 01	    						 	    	    	Commune	211301007	Saint-Rémy-de-Provence			9804				0	0	0	0	0	0	1	1	1	1	0	0	0	1	1	0	1	1	1	0	0	1	0	0	0	1	0	0	0	0	0	0	0	0	0	0	0	0	0	0	0	0	1	0	0	0	0	0	0	0	0	0	0	0	0	1	1	0	1	1	1	0	0	0	0	0	0	0	0	0	0	0	1	0	0	0	0	0	0	0	0	0	0	0	0	0	0	0	0	0	0	0	0	0	0	0	0	0	0	0	0	1	0	0	1	
