Région siège	Département siège	Arrondissement siège	Commune siège	N° SIREN	Nom du groupement	Nature juridique	Syndicat à la carte	Groupement interdépartemental	Date de création	Date d'effet	Mode de répartition des sièges	Autre mode de répartition des sièges	Nombre de membres	Population	Nombre de compétences exercées	Mode de financement	DGF Bonifiée	DSC	REOM	Autre redevance	TEOM	Autre taxe	Civilité Président	Prénom Président	Nom Président	Adresse du siège_1	Adresse du siège_2	Adresse du siège_3	Code postal du siège Ville du siège	Téléphone du siège	Fax du siège	Courriel du siège	Site internet	Adresse annexe_1	Adresse annexe_2	Adresse annexe_3	Code postal annexe Ville annexe	Téléphone annexe	Fax annexe	C1004	C1010	C1015	C1020	C1025	C1030	C1502	C1505	C1507	C1510	C1515	C1520	C1525	C1528	C1529	C1530	C1531	C1532	C1533	C1534	C1535	C1540	C1545	C1550	C1555	C1560	C2005	C2010	C2015	C2510	C2515	C2520	C2521	C2525	C2526	C3005	C3010	C3015	C3020	C3025	C3210	C3220	C3505	C3510	C3515	C4005	C4006	C4007	C4008	C4010	C4015	C4016	C4017	C4020	C4025	C4505	C4510	C4515	C4520	C4525	C4530	C4531	C4532	C4535	C4540	C4545	C4550	C4555	C4560	C5005	C5010	C5015	C5210	C5220	C5505	C5510	C5515	C5520	C5525	C5530	C5535	C5540	C5545	C5550	C5555	C7005	C7010	C7012	C7015	C7020	C7025	C7030	C9905	C9910	C9915	C9920	C9922	C9923	C9924	C9925	C9930	C9935	C9940	C9950	C9999	
76 - Occitanie	30 - Gard	2 - Nîmes	213000284 - Bagnols-sur-Cèze	200034692	CA du Gard Rhodanien	CA	0	0	2012-07-16	2013-01-01	RDC		44	77061	38	FPU	0	0	0	 	0	 	M.	Jean-Christian	REY		1717 Route d'Avignon		30200 BAGNOLS-SUR-CEZE	    	    						 	    	    	0	0	0	0	0	0	1	1	1	1	0	1	1	1	1	0	1	1	1	0	0	1	0	0	0	0	0	0	0	1	1	1	1	0	0	1	0	0	0	0	0	0	1	0	0	0	0	0	1	0	0	0	0	0	0	1	1	0	1	1	1	0	0	0	0	0	0	0	0	1	0	1	1	0	1	1	1	0	1	1	0	1	1	1	0	0	0	0	0	0	0	0	0	0	0	0	0	0	0	0	0	1	1	0	1	
76 - Occitanie	30 - Gard	1 - Alès	213000078 - Alès	200066918	CA Alès Agglomération	CA	0	0	2017-01-01	2017-01-01	RDC	CA issue de la fusion de la CA Alès Agglomération, CC Pays Grand'Combien, CC Vivre en Cévennes, CC des Hautes Cévennes	72	136510	57	FPU	0	0	0		0		M.	Christophe	RIVENQ	Bâtiment Atome	2 Rue Michelet		30100 ALES	04 66 78 89 00	04 66 56 58 49						 	    	04 66 56 58 49	0	0	0	0	1	0	1	1	1	1	0	1	1	1	1	0	1	1	1	1	0	1	0	0	0	1	0	0	0	0	1	1	1	0	1	1	1	0	0	0	0	0	1	0	0	0	0	0	1	1	1	1	1	1	1	1	1	0	1	1	0	1	1	1	0	0	0	0	0	1	0	1	1	0	1	1	1	0	1	1	1	1	1	1	1	0	0	0	0	1	0	0	0	0	0	1	1	0	1	1	1	1	0	0	1	
76 - Occitanie	30 - Gard	2 - Nîmes	213001894 - Nîmes	243000643	CA de Nîmes Métropole	CA	0	0	2001-12-28	2002-01-01	RDC		39	262935	34	FPU	0	1	0	 	0	 	M.	Franck	PROUST		3 Rue du Colisée		30947 NIMES cedex 9	04 66 02 55 01	04 66 02 55 10		www.nimes-metropole.fr				 	    	04 66 02 55 10	0	0	0	0	0	0	1	1	1	1	0	0	1	1	1	0	1	1	1	0	0	1	0	0	0	0	0	0	0	0	0	0	0	0	0	1	0	0	0	0	0	0	1	0	0	0	0	0	1	0	0	0	0	1	0	1	1	0	1	1	1	0	0	0	0	0	0	0	0	1	0	1	1	0	1	1	1	0	1	1	0	1	1	1	1	0	0	0	0	0	0	0	0	0	0	0	0	0	0	0	1	1	0	0	0	
76 - Occitanie	30 - Gard	2 - Nîmes	213003346 - Uzès	200034379	CC Pays d'Uzès	CC	0	0	2012-07-16	2013-01-01	RDC		35	31714	26	FPU	1	0	0	 	0	 	M.	Fabrice	VERDIER		9 Avenue du 8 Mai 1945		30700 UZES	    	    		www.ccpaysduzes.fr				 	    	    	0	0	0	0	0	0	0	0	1	1	0	0	0	1	1	0	1	1	0	0	0	1	0	0	0	0	0	0	0	0	1	1	0	0	0	1	0	0	0	0	0	0	1	0	0	0	0	0	1	0	0	0	0	1	0	1	1	0	1	0	0	0	1	0	0	0	0	0	0	1	0	0	1	0	1	0	1	0	0	1	0	0	0	0	0	0	0	0	0	0	0	0	0	0	1	0	0	0	0	0	0	1	1	0	1	
76 - Occitanie	30 - Gard	3 - Le Vigan	213002108 - Quissac	200034411	CC du Piémont Cévenol	CC	0	0	2012-07-16	2013-01-01	RDC		34	22715	31	FPU	0	0	0	 	0	 	M.	Fabien	CRUVEILLER		13 Bis Rue du Docteur Rocheblave		30260 QUISSAC	04 66 93 06 12	04 66 80 59 23						 	    	04 66 80 59 23	0	0	0	0	0	0	0	0	1	1	0	0	0	1	1	0	1	1	0	0	0	1	0	0	1	1	0	0	0	0	0	1	1	0	0	1	0	0	0	0	0	0	1	0	0	0	0	0	1	1	1	0	0	1	0	1	1	0	1	1	0	0	1	0	0	0	0	1	0	1	0	0	1	0	1	0	1	0	0	1	0	1	0	0	0	0	0	0	0	0	0	0	0	0	0	0	0	0	0	0	1	1	0	0	0	
76 - Occitanie	30 - Gard	3 - Le Vigan	200082725 - Val-d'Aigoual	200034601	CC Causses Aigoual Cévennes	CC	0	0	2012-07-16	2013-01-01	RDC		15	5466	23	ASZSE	0	0	0		0		M.	Gilles	BERTHEZENE	Mairie de Valleraugue			30570 VALLERAUGUE	    	    						 	    	    	0	0	0	0	0	1	1	1	1	1	0	0	0	1	1	0	1	1	0	0	0	1	0	0	0	0	0	0	0	0	0	1	1	0	0	0	0	0	0	0	0	0	1	0	0	0	0	0	1	0	0	0	0	1	0	1	1	0	0	0	0	0	0	0	0	0	0	0	0	1	0	0	1	0	0	0	0	0	0	0	0	0	0	0	0	0	0	0	0	0	0	0	0	0	0	0	0	1	0	0	0	1	1	0	1	
76 - Occitanie	30 - Gard	1 - Alès	213002272 - Saint-Ambroix	200035129	CC de Cèze Cévennes	CC	0	1	2012-08-03	2013-01-01	RDC		23	19466	30	FPU	0	0	0	 	0	 	M.	Olivier	MARTIN		Route d'Uzès		30500 SAINT-AMBROIX	    	    						 	    	    	0	0	0	0	0	1	0	0	0	1	0	0	0	1	1	0	1	1	0	0	0	1	0	0	0	0	0	0	0	0	0	1	1	0	0	1	0	0	0	0	0	0	1	0	0	0	0	0	1	1	1	0	0	1	0	1	1	0	1	1	0	0	0	0	0	0	0	0	0	1	0	0	1	0	1	0	1	0	0	0	1	1	0	0	0	0	0	0	0	0	0	0	0	0	0	0	0	0	1	0	1	1	1	0	1	
76 - Occitanie	30 - Gard	3 - Le Vigan	213003502 - Le Vigan	243000270	CC du Pays Viganais	CC	0	0	1992-12-30	1993-01-01	RDC		21	10169	32	FPU	1	0	0		0		M.	Régis	BAYLE	Maison de l'Intercommunalité	3 Avenue Sergent Triaire	BP 51067	30123 LE VIGAN CEDEX	04 67 81 66 00	04 66 81 09 02						 	    	04 66 81 09 02	0	0	0	0	0	0	0	0	1	1	0	0	0	1	1	0	1	1	0	0	0	1	0	0	0	0	0	0	0	0	1	1	1	0	0	1	0	0	0	0	0	0	1	0	0	0	0	0	1	0	1	1	0	1	0	1	1	1	1	0	0	0	0	0	0	0	0	0	0	1	0	0	1	0	1	0	1	0	0	0	1	0	0	0	0	0	0	0	0	0	0	1	0	1	0	1	0	0	0	0	1	1	1	0	1	
76 - Occitanie	30 - Gard	2 - Nîmes	213003213 - Sommières	243000296	CC du Pays de Sommières	CC	0	0	1992-12-30	1993-01-01	RDC		18	24803	28	FPU	0	0	0	 	0	 	M.	Pierre	MARTINEZ	Parc d'Activité de l'Arnède			30252 SOMMMIERES cedex	04 66 77 70 39	04 66 77 71 75	ccpaysdesommieres@wanadoo.fr					 	    	04 66 77 71 75	0	0	0	0	0	1	0	0	1	1	0	0	1	1	1	0	1	1	0	0	0	1	0	0	1	0	0	0	0	0	0	1	0	1	0	1	0	0	0	0	0	0	1	0	0	0	0	0	0	1	1	0	0	1	0	1	1	0	1	0	0	0	0	0	0	0	0	0	0	1	0	0	1	0	1	0	0	0	0	0	0	0	0	0	0	0	0	0	0	0	0	0	0	1	0	0	0	0	0	0	1	1	1	0	1	
76 - Occitanie	30 - Gard	2 - Nîmes	213001233 - Gallargues-le-Montueux	243000569	CC Rhony, Vistre, Vidourle	CC	0	0	2000-12-26	2000-12-31	ACCOR	Une élection municipale partielle a entraîne la recomposition du conseil communautaire de la CC dont la répartition des sièges avait été établie avant le 20 juin 2014 (Salbry)	10	28808	19	FPU	0	1	0	 	0	 	M.	Philippe	GRAS		2 Avenue de la Fontanisse		30660 GALLARGUES LE MONTUEUX	04 66 35 55 55	04 66 35 42 19	contact@ccrvv.com	www.cc-rhony-vistre-vidourle.fr	2, avenue de la Fontanisse			30660 GALLARGUES LE MONTUEUX	04 66 35 55 55	04 66 35 42 19	0	0	0	0	0	1	0	0	0	1	0	0	0	1	1	0	1	1	0	0	0	1	0	0	0	0	0	0	0	0	0	0	1	0	0	1	0	0	0	0	0	0	1	0	0	0	0	0	0	0	1	0	0	0	0	1	1	0	1	0	0	0	0	0	0	0	0	0	0	1	0	0	1	0	1	0	0	0	0	0	0	0	0	0	0	0	0	0	0	0	0	0	0	0	0	0	0	0	0	0	0	1	0	0	1	
76 - Occitanie	30 - Gard	2 - Nîmes	213000326 - Beaucaire	243000585	CC Beaucaire Terre d'Argence	CC	0	0	2001-11-20	2002-01-01	RDC		5	31703	34	FPU	0	1	0	 	0	 	M.	Juan	MARTINEZ		1 Avenue de la Croix Blanche		30300 BEAUCAIRE	04 66 59 92 62	    						 	    	    	0	0	0	0	0	0	0	1	1	1	0	0	0	1	1	0	1	1	0	0	0	1	0	0	0	0	0	0	0	0	1	1	1	0	0	1	0	0	0	0	0	0	1	0	0	0	0	0	1	0	0	0	0	1	1	1	1	0	1	1	0	0	0	0	0	0	0	0	0	1	1	0	1	0	1	0	1	0	0	0	1	0	0	0	0	0	0	0	0	1	1	1	0	1	0	0	0	0	1	0	1	1	0	0	1	
76 - Occitanie	30 - Gard	2 - Nîmes	213003411 - Vauvert	243000593	CC de Petite Camargue	CC	0	0	2001-11-20	2001-11-20	ACCOR		5	28241	26	FPU	1	0	0	 	0	 	M.	André	BRUNDU	Immeuble Le Vauvert	145 Avenue de la Condamine	BP 10	30600 VAUVERT	04 66 51 19 20	04 66 51 19 30						 	    	04 66 51 19 30	0	0	0	0	0	0	0	0	1	1	0	0	0	1	1	0	1	1	0	0	0	1	0	0	0	0	0	0	0	0	1	1	0	0	0	0	0	0	0	0	0	0	1	0	0	0	0	0	1	0	1	0	0	1	0	1	1	0	1	0	0	0	1	0	0	0	0	0	0	1	0	0	1	0	1	0	0	0	0	0	1	0	0	0	0	0	0	0	0	0	0	0	0	0	1	0	0	0	0	0	1	1	1	0	1	
76 - Occitanie	30 - Gard	2 - Nîmes	213000037 - Aigues-Mortes	243000650	CC Terre de Camargue	CC	0	0	2001-12-10	2001-12-10	ACCOR		3	20931	27	FPU	0	0	0	 	0	 	M.	Robert	CRAUSTE		13 Rue du Port		30220 AIGUES-MORTES	04 66 73 91 20	04 66 53 81 97						 	    	04 66 53 81 97	0	0	0	0	0	0	1	1	1	1	0	0	0	1	1	0	1	1	1	0	0	1	0	0	0	0	0	0	0	0	0	1	0	0	0	0	0	0	0	0	0	0	1	0	0	0	0	0	1	1	1	0	0	1	0	1	1	0	1	0	0	0	1	0	0	0	0	0	0	1	0	0	1	0	1	0	0	0	0	1	0	0	0	0	0	0	0	0	0	0	0	0	0	0	0	0	0	0	0	0	1	1	0	0	1	
76 - Occitanie	30 - Gard	2 - Nîmes	213002124 - Remoulins	243000684	CC du Pont du Gard	CC	0	0	2002-06-25	2002-11-15	RDC		15	24136	30	FPU	0	0	0	 	0	 	M.	Pierre	PRAT		21 Bis Avenue du Pont du Gard		30210 REMOULINS	04 66 37 67 67	04 66 37 29 70						 	    	04 66 37 29 70	0	0	0	0	0	0	0	0	1	1	0	0	0	1	1	0	1	1	0	0	0	1	0	0	0	0	0	0	0	0	0	1	1	0	0	1	0	0	0	0	0	0	1	0	0	0	0	0	0	0	0	0	0	1	1	1	1	0	1	1	0	0	0	0	0	0	0	0	0	1	0	0	1	0	0	0	1	0	1	1	1	0	1	0	0	0	0	0	0	0	0	0	0	0	1	0	0	1	0	0	1	1	1	0	1	
76 - Occitanie	30 - Gard	1 - Alès	213000086 - Allègre-les-Fumades	200009132	SIVU pôle bien-être santé	SIVU	0	0	2007-04-25	2007-04-25	AUTR		2	45476	1	CBUDG	0	0	0		0		Mme	Geneviève	COSTE	Maison de l'Eau	Hameau Les Fumades		30500 Allègre les Fumades	    	    						 	    	    	0	0	0	0	0	0	0	0	0	0	0	0	0	0	0	0	0	0	0	0	0	0	0	0	0	0	0	0	0	0	0	0	0	0	0	0	0	0	0	0	0	0	0	0	0	0	0	0	0	0	0	0	0	0	0	0	0	0	0	0	0	0	0	0	0	0	0	0	0	0	0	0	0	1	0	0	0	0	0	0	0	0	0	0	0	0	0	0	0	0	0	0	0	0	0	0	0	0	0	0	0	0	0	0	0	
76 - Occitanie	30 - Gard	2 - Nîmes	213003403 - Valliguières	200065761	SIVU de l'Yeuseraie	SIVU	0	0	2016-07-22	2017-01-01	MEMNB		16	27316	1	CBUDG	0	0	0		0		M.	Cédric	CLEMENTE	Mairie de Valliguières			30210 VALLIGUIERES	04 66 37 18 64	04 66 37 36 45	sivudeyeuseraie@gmail.com					 	    	04 66 37 36 45	0	0	0	0	0	0	0	0	0	0	0	0	0	0	0	0	0	0	0	0	0	1	0	0	0	0	0	0	0	0	0	0	0	0	0	0	0	0	0	0	0	0	0	0	0	0	0	0	0	0	0	0	0	0	0	0	0	0	0	0	0	0	0	0	0	0	0	0	0	0	0	0	0	0	0	0	0	0	0	0	0	0	0	0	0	0	0	0	0	0	0	0	0	0	0	0	0	0	0	0	0	0	0	0	0	
76 - Occitanie	30 - Gard	2 - Nîmes	213002884 - Saint-Nazaire	200070605	SI d'information géographique	SIVU	0	0	2016-12-12	2017-01-01	MEMNB		50	92916	1	CBUDG	0	0	0		0		M.	Bernard	DUCROS		1005 Route de Vénéjan		30200 Saint-Nazaire	04 66 90 58 00	04 66 82 98 35	secretariat@siig.fr	www.siig.fr				 	    	04 66 82 98 35	0	0	0	0	0	0	0	0	0	0	0	0	0	0	0	0	0	0	0	0	0	0	0	0	0	0	0	0	0	0	0	0	0	0	0	0	0	0	0	0	0	0	0	0	0	0	0	0	0	0	0	0	0	0	0	0	0	0	0	0	0	0	0	0	0	0	0	0	0	0	0	0	0	0	0	0	0	0	0	0	0	0	0	0	0	0	0	0	0	0	0	0	0	0	0	0	0	0	0	0	1	0	0	0	0	
76 - Occitanie	30 - Gard	2 - Nîmes	213003510 - Villeneuve-lès-Avignon	200071439	SI des massifs de Villeneuve-lez-Avignon	SIVU	0	0	2016-12-15	2017-01-01	MEMNB		9	57258	1	CBUDG	0	0	0		0		M.	Jean-Pierre	BONIFAY	Mairie de Villeneuve-lez-Avignon			30400 VILLENEUVE-LEZ-AVIGNON	04 90 27 49 26	04 66 50 13 63						 	    	04 66 50 13 63	0	0	0	0	0	0	0	0	0	0	0	0	0	0	0	0	0	0	0	0	0	1	0	0	0	0	0	0	0	0	0	0	0	0	0	0	0	0	0	0	0	0	0	0	0	0	0	0	0	0	0	0	0	0	0	0	0	0	0	0	0	0	0	0	0	0	0	0	0	0	0	0	0	0	0	0	0	0	0	0	0	0	0	0	0	0	0	0	0	0	0	0	0	0	0	0	0	0	0	0	0	0	0	0	0	
76 - Occitanie	30 - Gard	2 - Nîmes	213003510 - Villeneuve-lès-Avignon	200071488	Syndicat pour l'aménagement du Site du Lycée	SIVU	0	0	2016-12-15	2017-01-01	AUTR		15	58078	1	CBUDG	0	0	0		0		M.	Alain	SANCIAUME	Hôtel de Ville	2 Rue de la République	BP 45	30400 VILLENEUVE-LEZ-AVIGNON	04 90 27 49 05	04 90 27 49 79	syndicatlycee@villeneuvelezavignon.fr		Hôtel de ville	2, rue de la république	BP45	30400 VILLENEUVE LEZ AVIGNON	04 90 27 49 32	04 90 27 49 79	0	0	0	0	0	0	0	0	0	0	0	0	0	0	0	0	0	0	0	0	0	0	0	0	0	0	0	0	0	0	0	0	0	0	0	0	0	0	0	0	0	0	0	0	0	0	0	0	0	1	0	0	0	0	0	0	0	0	0	0	0	0	0	0	0	0	0	0	0	0	0	0	0	0	0	0	0	0	0	0	0	0	0	0	0	0	0	0	0	0	0	0	0	0	0	0	0	0	0	0	0	0	0	0	0	
76 - Occitanie	30 - Gard	1 - Alès	213002272 - Saint-Ambroix	200088227	SIVU des ruisseaux couverts pour l'activité minière en Cévennes	SIVU	0	0	2019-02-11	2019-02-11	MEMNB		9	13118	1	CBUDG	0	0	0		0		M.	Henri	CHALVIDAN	CC de Cèze Cévennes	120 Route d'Uzès prolongée		30500 SAINT-AMBROIX	04 66 83 77 87	04 66 83 77 88						 	    	    	0	0	0	0	0	0	0	0	0	0	0	0	0	0	0	0	0	0	0	1	0	0	0	0	0	0	0	0	0	0	0	0	0	0	0	0	0	0	0	0	0	0	0	0	0	0	0	0	0	0	0	0	0	0	0	0	0	0	0	0	0	0	0	0	0	0	0	0	0	0	0	0	0	0	0	0	0	0	0	0	0	0	0	0	0	0	0	0	0	0	0	0	0	0	0	0	0	0	0	0	0	0	0	0	0	
76 - Occitanie	30 - Gard	1 - Alès	213000722 - Castelnau-Valence	200097954	SIRP Saint-Maurice-de-Cazevieille Saint-Dézéry Castelnau-Valence	SIVU	0	0	2022-04-05	2022-04-05	MEMNB		3	1747	2	CBUDG	0	0	0		0		M.	Christophe	BOUGAREL	Mairie de Castelnau-Valence	92 Rue du 19 Mars 1962		30190 CASTELNAU VALENCE	04 66 83 20 42	    	mairie.castelnau.valence@wanadoo.fr					 	    	    	0	0	0	0	0	0	0	0	0	0	0	0	0	0	0	0	0	0	0	0	0	0	0	0	0	0	0	0	0	0	0	0	0	0	0	0	0	0	0	0	0	0	0	0	0	0	0	0	0	0	1	0	0	0	0	0	0	0	0	0	0	1	0	0	0	0	0	0	0	0	0	0	0	0	0	0	0	0	0	0	0	0	0	0	0	0	0	0	0	0	0	0	0	0	0	0	0	0	0	0	0	0	0	0	0	
76 - Occitanie	30 - Gard	3 - Le Vigan	213001704 - Molières-Cavaillac	200098986	Syndicat scolaire de la vallée du Coudoulous	SIVU	0	0	2022-10-20	2023-01-01	MEMNB		4	2223	1	CBUDG	0	0	0		0		M.	Jean-Pierre	GABEL	Mairie de Molières-Cavaillac	1 Place du Jeu de Boules		30120 Molières-Cavaillac	04 67 81 03 99	04 67 81 70 20						 	    	    	0	0	0	0	0	0	0	0	0	0	0	0	0	0	0	0	0	0	0	0	0	0	0	0	0	0	0	0	0	0	0	0	0	0	0	0	0	0	0	0	0	0	0	0	0	0	0	0	0	1	0	0	0	0	0	0	0	0	0	0	0	0	0	0	0	0	0	0	0	0	0	0	0	0	0	0	0	0	0	0	0	0	0	0	0	0	0	0	0	0	0	0	0	0	0	0	0	0	0	0	0	0	0	0	0	
76 - Occitanie	30 - Gard	2 - Nîmes	213001514 - Lussan	200099398	SIVU Uzège Nord	SIVU	0	0	2022-12-12	2023-01-01	MEMNB		11	3992	1	CBUDG	0	0	0		0		M.	Jérôme	VEYRAT	Mairie de Lussan			30580 Lussan	    	    	sivu-uzegenord@outlook.fr					 	    	    	0	0	0	0	0	0	0	0	0	0	0	0	0	0	0	0	0	0	0	0	0	0	0	0	0	0	0	0	0	0	0	0	0	0	1	0	0	0	0	0	0	0	0	0	0	0	0	0	0	0	0	0	0	0	0	0	0	0	0	0	0	0	0	0	0	0	0	0	0	0	0	0	0	0	0	0	0	0	0	0	0	0	0	0	0	0	0	0	0	0	0	0	0	0	0	0	0	0	0	0	0	0	0	0	0	
76 - Occitanie	30 - Gard	1 - Alès	213002751 - Saint-Just-et-Vacquières	200103190	SIRP Les Calandrelles	SIVU	0	0	2024-01-01	2024-04-01	AUTR	2 délégués titulaires de chaque commune  2 délégués suppléants de chaque commune	4	1236	3	CBUFI	0	0	0		0					Mairie de Saint-Just-et-Vacquières	2 place de l'Hôtel de Ville		30580 SAINT-JUST-ET-VACQUIERES	    	    						 	    	    	0	0	0	0	0	0	0	0	0	0	0	0	0	0	0	0	0	0	0	0	0	0	0	0	0	0	0	0	0	0	0	0	0	0	0	0	0	0	0	0	0	0	0	0	0	0	0	0	0	0	1	0	0	0	0	0	0	0	0	0	0	1	0	0	0	0	0	0	0	0	0	0	0	0	0	0	0	0	0	0	0	0	0	0	0	0	0	0	0	0	0	0	0	0	0	0	0	0	0	0	0	0	0	0	1	
76 - Occitanie	30 - Gard	1 - Alès	213001308 - Génolhac	243000031	SIVU des Hautes Cévennes	SIVU	0	0	1966-06-22	1966-06-22	MEMNB		7	2108	2	CBUDG	0	0	0	 	0	 	M.	guy	CHERON	Mairie de Génolhac			30450 GENOLHAC	    	    	mairie@genolhac.fr		mairie de Génolhac	54 Grand Rue		30450 GENOLHAC	04 66 61 10 55	    	0	0	0	0	0	0	1	0	0	0	0	0	0	0	0	0	0	0	0	0	0	0	0	0	0	0	0	0	0	0	0	0	0	0	0	0	0	0	0	0	0	0	0	0	0	0	0	0	0	0	0	0	0	0	0	0	0	0	0	0	0	0	0	0	0	0	0	0	0	1	0	0	0	0	0	0	0	0	0	0	0	0	0	0	0	0	0	0	0	0	0	0	0	0	0	0	0	0	0	0	0	0	0	0	0	
76 - Occitanie	30 - Gard	2 - Nîmes	213000193 - Aubais	243000700	SIVOM Aubais-Villetelle	SIVU	0	1	1987-05-04	1987-05-04	MEMNB		2	4678	1	CBUDG	0	0	0	 	0	 	Mme	Emiliana	BRANEYRE	Mairie d'Aubais			30250 AUBAIS	04 66 80 89 00	04 66 80 23 54	ccas@aubais.fr		mairie d'Aubais	11 avenue Emile Léonard		30250 AUBAIS	04 66 80 89 07	04 66 80 23 54	0	0	0	0	0	0	0	0	0	0	0	0	0	0	0	0	0	0	0	0	0	0	0	0	0	0	0	0	0	0	0	0	0	0	0	0	0	0	0	0	0	0	0	0	0	0	0	0	0	0	0	0	0	0	0	0	0	0	0	0	0	0	0	0	0	0	0	0	0	0	0	0	1	0	0	0	0	0	0	0	0	0	0	0	0	0	0	0	0	0	0	0	0	0	0	0	0	0	0	0	0	0	0	0	0	
76 - Occitanie	30 - Gard	2 - Nîmes	213000730 - Castillon-du-Gard	253000079	SIAEP du Pont-du-Gard	SIVU	0	0	1956-03-02	1956-03-02	MEMNB		4	5174	1	CBUDG	0	0	0	 	0	 	Mme	Muriel	DHERBECOURT	Mairie de Castillon-du-Gard	11 Place du 8 Mai 1945		30210 CASTILLON DU GARD	04 66 37 12 74	04 66 37 33 87			Mairie de Vers-Pont-du-Gard			30210 VERS-PONT-DU-GARD	04 66 22 80 55	04 66 37 33 87	0	0	0	0	0	0	1	0	0	0	0	0	0	0	0	0	0	0	0	0	0	0	0	0	0	0	0	0	0	0	0	0	0	0	0	0	0	0	0	0	0	0	0	0	0	0	0	0	0	0	0	0	0	0	0	0	0	0	0	0	0	0	0	0	0	0	0	0	0	0	0	0	0	0	0	0	0	0	0	0	0	0	0	0	0	0	0	0	0	0	0	0	0	0	0	0	0	0	0	0	0	0	0	0	0	
76 - Occitanie	30 - Gard	2 - Nîmes	213000623 - Calvisson	253000087	SI des eaux de la Vaunage	SIVU	0	0	1933-08-01	1933-08-01	MEMNB		4	10639	1	CBUDG	0	0	0	 	0	 	Mme	Fabienne	DHUISME		10 Route de la Cave		30420 CALVISSON	04 66 01 21 44	    	syndeau@gmail.com					 	    	    	0	0	0	0	0	0	1	0	0	0	0	0	0	0	0	0	0	0	0	0	0	0	0	0	0	0	0	0	0	0	0	0	0	0	0	0	0	0	0	0	0	0	0	0	0	0	0	0	0	0	0	0	0	0	0	0	0	0	0	0	0	0	0	0	0	0	0	0	0	0	0	0	0	0	0	0	0	0	0	0	0	0	0	0	0	0	0	0	0	0	0	0	0	0	0	0	0	0	0	0	0	0	0	0	0	
76 - Occitanie	30 - Gard	1 - Alès	213001209 - Gagnières	253000129	SIAEP de Courry - Gagnières	SIVU	0	0	1967-06-22	1967-06-22	MEMNB		2	1390	1	CBUDG	0	0	0		0		M.	Jean	BERNARD	Mairie de Gagnières			30160 GAGNIERES	    	    						 	    	    	0	0	0	0	0	0	1	0	0	0	0	0	0	0	0	0	0	0	0	0	0	0	0	0	0	0	0	0	0	0	0	0	0	0	0	0	0	0	0	0	0	0	0	0	0	0	0	0	0	0	0	0	0	0	0	0	0	0	0	0	0	0	0	0	0	0	0	0	0	0	0	0	0	0	0	0	0	0	0	0	0	0	0	0	0	0	0	0	0	0	0	0	0	0	0	0	0	0	0	0	0	0	0	0	0	
76 - Occitanie	30 - Gard	2 - Nîmes	213000987 - Crespian	253000137	SIAEP du Vidourle	SIVU	0	0	1949-02-11	1949-02-11	MEMNB		8	5445	1	CBUDG	0	0	0	 	0	 	M.	DIDIER	LECOURT	Mairie de Crespian			30260 CRESPIAN	04 66 77 68 51	    	mairie.montpezat@wanadoo.fr		Mairie de MONTPEZAT	10 place de l'église		30730 MONTPEZAT	04 66 81 10 66	    	0	0	0	0	0	0	1	0	0	0	0	0	0	0	0	0	0	0	0	0	0	0	0	0	0	0	0	0	0	0	0	0	0	0	0	0	0	0	0	0	0	0	0	0	0	0	0	0	0	0	0	0	0	0	0	0	0	0	0	0	0	0	0	0	0	0	0	0	0	0	0	0	0	0	0	0	0	0	0	0	0	0	0	0	0	0	0	0	0	0	0	0	0	0	0	0	0	0	0	0	0	0	0	0	0	
76 - Occitanie	30 - Gard	3 - Le Vigan	213003106 - Saumane	253000202	SIAEP de L'Estréchure, Saumane	SIVU	0	0	1960-11-07	1960-11-07	MEMNB		2	449	1	CBUDG	0	0	0	 	0	 	Mme	Laurette	ANGELI	Mairie de Saumane			30125 SAUMANE	    	    	siaep30@wanadoo.fr		mairie de l'Estréchure			30125  L'Estréchure	04 66 83 94 30	    	0	0	0	0	0	0	1	0	0	0	0	0	0	0	0	0	0	0	0	0	0	0	0	0	0	0	0	0	0	0	0	0	0	0	0	0	0	0	0	0	0	0	0	0	0	0	0	0	0	0	0	0	0	0	0	0	0	0	0	0	0	0	0	0	0	0	0	0	0	0	0	0	0	0	0	0	0	0	0	0	0	0	0	0	0	0	0	0	0	0	0	0	0	0	0	0	0	0	0	0	0	0	0	0	0	
76 - Occitanie	30 - Gard	3 - Le Vigan	213001217 - Gailhan	253000210	SI des eaux de Gailhan	SIVU	0	0	1950-05-12	1950-05-12	MEMNB		4	1617	1	CBUDG	0	0	0	 	0	 	M.	Jacky	SIPEIRE	Mairie de Gailhan			30260 GAILHAN	04 66 80 72 50	    	gailhan@wanadoo.fr					 	    	    	0	0	0	0	0	0	1	0	0	0	0	0	0	0	0	0	0	0	0	0	0	0	0	0	0	0	0	0	0	0	0	0	0	0	0	0	0	0	0	0	0	0	0	0	0	0	0	0	0	0	0	0	0	0	0	0	0	0	0	0	0	0	0	0	0	0	0	0	0	0	0	0	0	0	0	0	0	0	0	0	0	0	0	0	0	0	0	0	0	0	0	0	0	0	0	0	0	0	0	0	0	0	0	0	0	
76 - Occitanie	30 - Gard	2 - Nîmes	213001514 - Lussan	253000269	SIAEPA non collectif de la région de Lussan	SIVU	0	0	1962-09-10	1962-10-19	MEMNB		3	899	1	CBUDG	0	0	0	redevance d'assainissement non collectif	0	 	M.	Jean-François	PERRET	Place du Château			30580 LUSSAN	04 66 72 90 58	04 66 72 90 58	siaepdelussan@orange.fr					 	    	    	0	0	0	0	0	0	1	0	0	0	0	0	0	0	0	0	0	0	0	0	0	0	0	0	0	0	0	0	0	0	0	0	0	0	0	0	0	0	0	0	0	0	0	0	0	0	0	0	0	0	0	0	0	0	0	0	0	0	0	0	0	0	0	0	0	0	0	0	0	0	0	0	0	0	0	0	0	0	0	0	0	0	0	0	0	0	0	0	0	0	0	0	0	0	0	0	0	0	0	0	0	0	0	0	0	
76 - Occitanie	30 - Gard	2 - Nîmes	213003015 - Saint-Victor-des-Oules	253000301	SIAEP de Montaigu	SIVU	0	0	1965-01-08	1965-01-08	MEMNB		2	582	1	CBUDG	0	0	0	 	0	 	M.	Bernard	CANAL	Mairie de Saint-Victor-des-Oules	Rue de la Mairie		30700 ST VICTOR DES OULES	04 66 22 17 94	    	aepdumontaigu@outlook.fr		Mairie de ST VICTOR DES OULES			30700 ST VICTOR DES OULES	04 66 22 17 94	04 66 03 02 34	0	0	0	0	0	0	1	0	0	0	0	0	0	0	0	0	0	0	0	0	0	0	0	0	0	0	0	0	0	0	0	0	0	0	0	0	0	0	0	0	0	0	0	0	0	0	0	0	0	0	0	0	0	0	0	0	0	0	0	0	0	0	0	0	0	0	0	0	0	0	0	0	0	0	0	0	0	0	0	0	0	0	0	0	0	0	0	0	0	0	0	0	0	0	0	0	0	0	0	0	0	0	0	0	0	
76 - Occitanie	30 - Gard	3 - Le Vigan	213002892 - Saint-Nazaire-des-Gardies	253000335	SIAEP de la région des Gardies	SIVU	0	0	1933-08-03	1933-08-03	MEMNB		3	599	1	CBUDG	0	0	0	 	0	 	M.	Jean-Louis	CUENOT	Mairie de Logrian-Florian			30610 Logrian-Florian	04 66 77 11 92	    	mairiedestnazairedesgardies@nordnet.fr					 	    	    	0	0	0	0	0	0	1	0	0	0	0	0	0	0	0	0	0	0	0	0	0	0	0	0	0	0	0	0	0	0	0	0	0	0	0	0	0	0	0	0	0	0	0	0	0	0	0	0	0	0	0	0	0	0	0	0	0	0	0	0	0	0	0	0	0	0	0	0	0	0	0	0	0	0	0	0	0	0	0	0	0	0	0	0	0	0	0	0	0	0	0	0	0	0	0	0	0	0	0	0	0	0	0	0	0	
76 - Occitanie	30 - Gard	2 - Nîmes	213003528 - Villevieille	253000376	SAEP de Villevieille	SIVU	0	0	1940-12-02	1940-12-02	MEMNB		4	4791	1	CBUDG	0	0	0	 	0	 	M.	Marc	BERTHE	Mairie de Villevielle			30250 VILLEVIELLE	04 66 80 03 24	04 66 80 40 15	syndicataepdevillevieille@laposte.net		Mairie de VILLEVIELLE			30250 VILLEVIELLE	04 66 80 03 24	04 66 80 40 15	0	0	0	0	0	0	1	0	0	0	0	0	0	0	0	0	0	0	0	0	0	0	0	0	0	0	0	0	0	0	0	0	0	0	0	0	0	0	0	0	0	0	0	0	0	0	0	0	0	0	0	0	0	0	0	0	0	0	0	0	0	0	0	0	0	0	0	0	0	0	0	0	0	0	0	0	0	0	0	0	0	0	0	0	0	0	0	0	0	0	0	0	0	0	0	0	0	0	0	0	0	0	0	0	0	
76 - Occitanie	30 - Gard	3 - Le Vigan	213000409 - Blandas	253000418	SIAEP du Causse de Blandas	SIVU	0	0	1969-01-15	1969-01-15	MEMNB		5	615	1	CBUDG	0	0	0	 	0	 	M.	Bruno	MELEARD	Mairie de Blandas	Le Village		30770 BLANDAS	    	    	siaep30120@orange.fr		Mairie de Blandas	Le Village		30770 BLANDAS	04 67 81 50 00	    	0	0	0	0	0	0	1	0	0	0	0	0	0	0	0	0	0	0	0	0	0	0	0	0	0	0	0	0	0	0	0	0	0	0	0	0	0	0	0	0	0	0	0	0	0	0	0	0	0	0	0	0	0	0	0	0	0	0	0	0	0	0	0	0	0	0	0	0	0	0	0	0	0	0	0	0	0	0	0	0	0	0	0	0	0	0	0	0	0	0	0	0	0	0	0	0	0	0	0	0	0	0	0	0	0	
76 - Occitanie	30 - Gard	2 - Nîmes	213001175 - Fourques	253000707	SI d'assainissement agricole de la région du canal de Navigation de Beaucaire	SIVU	0	0	1962-03-05	1962-03-05	MEMNB		4	40815	1	CBUDG	0	0	0	 	0	 	M.	Gilles	DUMAS	Mairie de Fourques			30300 FOURQUES	04 90 93 62 27	04 90 49 73 41	asa-si30@orange.fr		5 rue du Galoubet			30132 CAISSARGUES	04 66 29 72 52	04 90 49 73 41	0	0	0	0	0	0	0	0	0	0	0	0	0	0	0	0	0	0	0	1	0	0	0	0	0	0	0	0	0	0	0	0	0	0	0	0	0	0	0	0	0	0	0	0	0	0	0	0	0	0	0	0	0	0	0	0	0	0	0	0	0	0	0	0	0	0	0	0	0	0	0	0	0	0	0	0	0	0	0	0	0	0	0	0	0	0	0	0	0	0	0	0	0	0	0	0	0	0	0	0	0	0	0	0	0	
76 - Occitanie	30 - Gard	2 - Nîmes	213003338 - Uchaud	253000715	SI d'entretien alternatif du bassin Moyen du Vistre	SIVU	0	0	1961-03-27	1961-03-27	MEMNB		5	18102	1	CBUDG	0	0	0	 	0	 	M.	Christian	CARTEYRADE	Mairie d'Uchaud			30620 UCHAUD	04 66 71 11 75	04 66 71 19 95			7, avenue de la Dame	Zone Euro 2000		30132 CAISSARGUES	04 66 84 55 11	04 66 71 19 95	0	0	0	0	0	0	0	0	0	0	0	0	0	0	0	0	0	0	0	1	0	0	0	0	0	0	0	0	0	0	0	0	0	0	0	0	0	0	0	0	0	0	0	0	0	0	0	0	0	0	0	0	0	0	0	0	0	0	0	0	0	0	0	0	0	0	0	0	0	0	0	0	0	0	0	0	0	0	0	0	0	0	0	0	0	0	0	0	0	0	0	0	0	0	0	0	0	0	0	0	0	0	0	0	0	
76 - Occitanie	30 - Gard	2 - Nîmes	213001357 - Jonquières-Saint-Vincent	253000772	SI d'assainissement des terres du bassin de Jonquières-Saint-Vincent	SIVU	0	0	1965-07-29	1965-07-29	MEMNB		4	17091	1	CBUDG	0	0	0	 	0	 	M.	Régis	BLAYRAT	Mairie de Jonquières-Saint-Vincent			30300 JONQUIERES ST VINCENT	04 66 74 50 12	04 66 74 50 13	mairie.jonquieres.stvincent@wanadoo.fr		Marie de Jonquières-Saint-Vincent	Place de la mairie		30300 JONQUIERES-SAINT-VINCENT	04 66 74 50 12	04 66 74 50 13	0	0	0	0	0	0	0	0	0	0	0	0	0	0	0	0	0	0	0	1	0	0	0	0	0	0	0	0	0	0	0	0	0	0	0	0	0	0	0	0	0	0	0	0	0	0	0	0	0	0	0	0	0	0	0	0	0	0	0	0	0	0	0	0	0	0	0	0	0	0	0	0	0	0	0	0	0	0	0	0	0	0	0	0	0	0	0	0	0	0	0	0	0	0	0	0	0	0	0	0	0	0	0	0	0	
76 - Occitanie	30 - Gard	2 - Nîmes	213002579 - Saint-Gervasy	253000798	SI d'assainissement des Hautes Terres du Vistre	SIVU	0	0	1959-10-27	1959-10-27	MEMNB		8	31833	1	CBUDG	0	0	0	 	0	 	M.	William	ROZIER	Mairie de Saint-Gervasy			30320 SAINT GERVASY	04 66 75 24 76	04 66 75 17 99	ff.syndicats.vistre@gmail.com		MAIRIE DE BEZOUCE	7 route nationale		30320 BEZOUCE	    	    	0	0	0	0	0	0	0	0	0	0	0	0	0	0	0	0	0	0	0	1	0	0	0	0	0	0	0	0	0	0	0	0	0	0	0	0	0	0	0	0	0	0	0	0	0	0	0	0	0	0	0	0	0	0	0	0	0	0	0	0	0	0	0	0	0	0	0	0	0	0	0	0	0	0	0	0	0	0	0	0	0	0	0	0	0	0	0	0	0	0	0	0	0	0	0	0	0	0	0	0	0	0	0	0	0	
76 - Occitanie	30 - Gard	3 - Le Vigan	200082725 - Val-d'Aigoual	253000970	SI d'aménagement de l'Espérou	SIVU	0	0	1967-03-25	1967-03-25	MEMNB		2	1587	1	CBUDG	0	0	0	 	0	 	M.	Joël	GAUTHIER	Mairie de Val-d'Aigoual	1 Place Francis Cavalier-Bénézet		30570 VAL-D'AIGOUAL	04 67 81 79 63	    	florence.laupies@valdaigoual.fr					 	    	    	0	0	0	0	0	0	0	0	0	0	0	0	0	0	0	0	0	0	0	0	0	0	0	0	0	0	0	0	0	0	0	0	0	0	0	0	0	0	0	0	0	0	0	0	0	0	0	0	0	0	0	0	0	0	0	0	0	0	0	0	0	0	0	0	0	0	0	1	0	0	0	0	0	0	0	0	0	0	0	0	0	0	0	0	0	0	0	0	0	0	0	0	0	0	0	0	0	0	0	0	0	0	0	0	0	
76 - Occitanie	30 - Gard	2 - Nîmes	213003171 - Sernhac	253001259	SI du collège de Remoulins	SIVU	0	0	1973-08-02	1973-08-02	MEMNB		13	20516	1	CBUDG	0	0	0	 	0	 	M.	laurent	DAUGA	Mairie de Sernhac			30210 SERNHAC	04 66 37 08 25	04 66 37 13 01	secretariat@mairie-sernhac.fr		25 rue des bourgades			30210 Sernhac	04 30 06 52 30	04 66 37 13 01	0	0	0	0	0	0	0	0	0	0	0	0	0	0	0	0	0	0	0	0	0	0	0	0	0	0	0	0	0	0	0	0	0	0	0	0	0	0	0	0	0	0	0	0	0	0	0	0	0	0	1	0	0	0	0	0	0	0	0	0	0	0	0	0	0	0	0	0	0	0	0	0	0	0	0	0	0	0	0	0	0	0	0	0	0	0	0	0	0	0	0	0	0	0	0	0	0	0	0	0	0	0	0	0	0	
76 - Occitanie	30 - Gard	1 - Alès	213000557 - Brouzet-lès-Alès	253001283	SIRP Allègre, Bouquet, Brouzet-lès-Alès, Navacelles et Les Plans	SIVU	0	0	2022-05-31	2022-05-31	MEMNB		5	2508	3	CBUDG	0	0	0		0		Mme	Geneviève	COSTE	Mairie de Brouzet-les-Alès	1578 Route des Fumades		30580 BROUZET-lès-ALES	04 66 83 10 38	04 66 83 72 76	siebla@wanadoo.fr et mairiebla@wanadoo.fr		mairie de Brouzet-les-Alès	Martine AGNIEL - Marie-Anne CHAREYRE		30580 BROUZET-lès-ALES	04 66 83 10 38	04 66 83 72 76	0	0	0	0	0	0	0	0	0	0	0	0	0	0	0	0	0	0	0	0	0	0	0	0	0	0	0	0	0	0	0	0	0	0	0	0	0	0	0	0	0	0	0	0	0	0	0	0	0	1	1	0	0	0	0	0	0	0	0	0	0	1	0	0	0	0	0	0	0	0	0	0	0	0	0	0	0	0	0	0	0	0	0	0	0	0	0	0	0	0	0	0	0	0	0	0	0	0	0	0	0	0	0	0	0	
76 - Occitanie	30 - Gard	1 - Alès	213000466 - Boucoiran-et-Nozières	253001374	SI de sauvegarde, exploitation canal de Boucoiran	SIVU	0	0	1977-12-23	1977-12-23	MEMNB		3	3336	1	CBUDG	0	0	0	 	0	 	M.	Jean-Jacques	VIDAL	Mairie de Boucoiran-et-Nozières			30190 BOUCOIRAN ET NOZIERES	    	    	mairie.boucoiran@wanadoo.fr					 	    	    	0	0	0	0	0	0	1	0	0	0	0	0	0	0	0	0	0	0	0	0	0	0	0	0	0	0	0	0	0	0	0	0	0	0	0	0	0	0	0	0	0	0	0	0	0	0	0	0	0	0	0	0	0	0	0	0	0	0	0	0	0	0	0	0	0	0	0	0	0	0	0	0	0	0	0	0	0	0	0	0	0	0	0	0	0	0	0	0	0	0	0	0	0	0	0	0	0	0	0	0	0	0	0	0	0	
76 - Occitanie	30 - Gard	2 - Nîmes	213000599 - Le Cailar	253001572	SI pour le maintien et la protection des traditions, coutumes et sites camarguais	SIVU	0	1	1973-02-02	1973-02-02	MEMNB		45	202090	1	CBUDG	0	0	0	 	0	 	M.	Patrick	GARCIA	Mairie de Le Cailar			30740 LE CAILAR	04 66 88 01 05	04 66 88 53 24	b.wagnerdgs@communelecailar.fr		Place Ledru Rollin			30740 LE CAILAR	04 66 88 01 05	04 66 88 53 24	0	0	0	0	0	0	0	0	0	0	0	0	0	0	0	0	0	0	0	0	0	0	0	0	0	0	0	0	0	0	0	0	0	0	0	0	0	0	0	0	0	0	0	0	0	0	0	0	0	0	0	0	0	1	0	0	0	0	0	0	0	0	0	0	0	0	0	0	0	0	0	0	0	0	0	0	0	0	0	0	0	0	0	0	0	0	0	0	0	0	0	0	0	0	0	0	0	0	0	0	0	0	0	0	0	
76 - Occitanie	30 - Gard	2 - Nîmes	213002421 - Saint-Christol-de-Rodières	253001689	SIVOS	SIVU	0	0	1987-07-10	1987-07-10	MEMNB		11	17637	1	CBUDG	0	0	0		0		Mme	Sophie	GUIGUE	Mairie de Saint-Christol-de-Rodières			30760 SAINT-CHRISTOL-DE-RODIERES	04 66 82 16 29	04 66 82 16 28						 	    	04 66 82 16 28	0	0	0	0	0	0	0	0	0	0	0	0	0	0	0	0	0	0	0	0	0	0	0	0	0	0	0	0	0	0	0	0	0	0	0	0	0	0	0	0	0	0	0	0	0	0	0	0	0	1	0	0	0	0	0	0	0	0	0	0	0	0	0	0	0	0	0	0	0	0	0	0	0	0	0	0	0	0	0	0	0	0	0	0	0	0	0	0	0	0	0	0	0	0	0	0	0	0	0	0	0	0	0	0	0	
76 - Occitanie	30 - Gard	1 - Alès	213003486 - Vézénobres	253001754	SI de l'école maternelle de Vézénobres et Deaux	SIVU	0	0	1986-03-26	1986-03-26	AUTR	4 pour Deaux et 5 pour Vézénobres	2	2602	1	CBUDG	0	0	0	 	0	 	M.	Sébastien	OMBRAS	Mairie de Vézenobres	1 Place de la Mairie		30360 VEZENOBRES	04 66 83 51 26	04 66 83 68 76	dgs@vezenobres.fr					 	04 66 83 88 58	04 66 83 68 76	0	0	0	0	0	0	0	0	0	0	0	0	0	0	0	0	0	0	0	0	0	0	0	0	0	0	0	0	0	0	0	0	0	0	0	0	0	0	0	0	0	0	0	0	0	0	0	0	0	1	0	0	0	0	0	0	0	0	0	0	0	0	0	0	0	0	0	0	0	0	0	0	0	0	0	0	0	0	0	0	0	0	0	0	0	0	0	0	0	0	0	0	0	0	0	0	0	0	0	0	0	0	0	0	0	
76 - Occitanie	30 - Gard	1 - Alès	213001290 - Générargues	253001978	SI DFCI des basses vallées cévenoles	SIVU	0	0	1988-01-04	1988-01-04	MEMNB		10	15344	1	CBUDG	0	0	0	 	0	 	M.	Pierre	CARLE	Mairie de Générargues			30140 GENERARGUES	04 66 61 72 04	    	eclavel@bagard.fr		Mairie de Bagard	159 route d'Alès		30140 Bagard	04 66 60 70 22	04 66 61 93 28	0	0	0	0	0	0	0	0	0	0	0	0	0	0	0	0	0	0	0	0	0	1	0	0	0	0	0	0	0	0	0	0	0	0	0	0	0	0	0	0	0	0	0	0	0	0	0	0	0	0	0	0	0	0	0	0	0	0	0	0	0	0	0	0	0	0	0	0	0	0	0	0	0	0	0	0	0	0	0	0	0	0	0	0	0	0	0	0	0	0	0	0	0	0	0	0	0	0	0	0	0	0	0	0	0	
76 - Occitanie	30 - Gard	2 - Nîmes	213000607 - Caissargues	253002141	SI d'assainissement de la Plaine du Vistre	SIVU	0	0	1965-01-11	1965-01-11	MEMNB		2	154514	1	CBUDG	0	0	0	 	0	 	M.	Eric	FABRE	Mairie de Caissargues			30132 CAISSARGUES	04 66 38 11 58	04 66 84 60 38	mt.syndicat.vistre@gmail.com		Mairie de CAISSARGUES	16 rue Souleiado		30132 CAISSARGUES	04 66 38 11 58	04 66 84 60 38	0	0	0	0	0	0	0	0	0	0	0	0	0	0	0	0	0	0	0	1	0	0	0	0	0	0	0	0	0	0	0	0	0	0	0	0	0	0	0	0	0	0	0	0	0	0	0	0	0	0	0	0	0	0	0	0	0	0	0	0	0	0	0	0	0	0	0	0	0	0	0	0	0	0	0	0	0	0	0	0	0	0	0	0	0	0	0	0	0	0	0	0	0	0	0	0	0	0	0	0	0	0	0	0	0	
76 - Occitanie	30 - Gard	2 - Nîmes	213003460 - Vers-Pont-du-Gard	253002182	SIVU du massif du Gardon	SIVU	0	0	1990-05-21	1990-05-21	MEMNB		11	20720	1	CBUDG	0	0	0	 	0	 	M.	Olivier	SAUZET	Mairie de Vers-Pont-du-Gard			30210 VERS-PONT-DU-GARD	04 66 22 80 55	    	o.sauzet@vers-pontdugard.fr		Mairie de Vers-Pont-du-Gard	5 rue Grand du Bourg		30210 VERS-PONT-DU-GARD	04 66 22 80 55	    	0	0	0	0	0	0	0	0	0	0	0	0	0	0	0	0	0	0	0	0	0	1	0	0	0	0	0	0	0	0	0	0	0	0	0	0	0	0	0	0	0	0	0	0	0	0	0	0	0	0	0	0	0	0	0	0	0	0	0	0	0	0	0	0	0	0	0	0	0	0	0	0	0	0	0	0	0	0	0	0	0	0	0	0	0	0	0	0	0	0	0	0	0	0	0	0	0	0	0	0	0	0	0	0	0	
76 - Occitanie	30 - Gard	2 - Nîmes	213003429 - Vénéjan	253002232	SIVU des massifs du Gard Rhodanien	SIVU	0	0	1990-10-28	1990-10-28	MEMNB		30	48001	1	CBUDG	0	0	0	 	0	 	M.	Gérard	ESTELLE		95 Grand'Rue		30200 Vénéjan	04 66 79 25 08	    	secretariat@sivu30.fr		Mairie de BAGNOLS SUR CEZE			30200 BAGNOLS SUR CEZE	04 66 82 73 03	04 66 82 98 35	0	0	0	0	0	0	0	0	0	0	0	0	0	0	0	0	0	0	0	0	0	1	0	0	0	0	0	0	0	0	0	0	0	0	0	0	0	0	0	0	0	0	0	0	0	0	0	0	0	0	0	0	0	0	0	0	0	0	0	0	0	0	0	0	0	0	0	0	0	0	0	0	0	0	0	0	0	0	0	0	0	0	0	0	0	0	0	0	0	0	0	0	0	0	0	0	0	0	0	0	0	0	0	0	0	
76 - Occitanie	30 - Gard	1 - Alès	213001423 - Laval-Pradel	253002430	SI DFCI du Rouvergue	SIVU	0	0	1992-03-18	1992-03-18	MEMNB		5	3126	1	CBUDG	0	0	0		0		M.	Joseph	BARBA	Mairie de Laval-Pradel			30110 LAVAL- PRADEL	    	    						 	    	    	0	0	0	0	0	0	0	0	0	0	0	0	0	0	0	0	0	0	0	0	0	1	0	0	0	0	0	0	0	0	0	0	0	0	0	0	0	0	0	0	0	0	0	0	0	0	0	0	0	0	0	0	0	0	0	0	0	0	0	0	0	0	0	0	0	0	0	0	0	0	0	0	0	0	0	0	0	0	0	0	0	0	0	0	0	0	0	0	0	0	0	0	0	0	0	0	0	0	0	0	0	0	0	0	0	
76 - Occitanie	30 - Gard	2 - Nîmes	213002926 - Saint-Pons-la-Calm	253002513	SIRP Le Pin, Saint-Pons-la-Calm	SIVU	0	0	1993-08-09	1993-08-09	MEMNB		2	974	1	CBUDG	0	0	0	 	0	 	Mme	Michèle	HOOGE	Mairie de Saint-Pons-la-Calm			30330 SAINT-PONS-LA-CALM	04 66 82 01 72	04 66 82 09 08	communesaintponslacalm@orange.fr		3 rue de la mairie			30330 Saint Pons La Calm	04 66 82 01 72	04 66 82 09 08	0	0	0	0	0	0	0	0	0	0	0	0	0	0	0	0	0	0	0	0	0	0	0	0	0	0	0	0	0	0	0	0	0	0	0	0	0	0	0	0	0	0	0	0	0	0	0	0	0	0	1	0	0	0	0	0	0	0	0	0	0	0	0	0	0	0	0	0	0	0	0	0	0	0	0	0	0	0	0	0	0	0	0	0	0	0	0	0	0	0	0	0	0	0	0	0	0	0	0	0	0	0	0	0	0	
76 - Occitanie	30 - Gard	2 - Nîmes	213000664 - Cannes-et-Clairan	253002612	SI d'aménagement hydraulique du Nord-Sommiérois	SIVU	0	0	1994-02-10	1994-02-10	MEMNB		24	18140	1	CBUDG	0	0	0	 	0	 	M.	Gilles	SIPEYRE	Mairie de Cannes-et-Clairan	Rue de la Mairie		30260 CANNES-ET-CLAIRAN	04 66 77 81 74	    	siahns@orange.fr		Mairie de Cannes-et-Clairan	Rue de la Mairie		30260 CANNES-ET-CLAIRAN	04 66 77 81 74	    	0	0	0	0	0	0	1	0	0	0	0	0	0	0	0	0	0	0	0	0	0	0	0	0	0	0	0	0	0	0	0	0	0	0	0	0	0	0	0	0	0	0	0	0	0	0	0	0	0	0	0	0	0	0	0	0	0	0	0	0	0	0	0	0	0	0	0	0	0	0	0	0	0	0	0	0	0	0	0	0	0	0	0	0	0	0	0	0	0	0	0	0	0	0	0	0	0	0	0	0	0	0	0	0	0	
76 - Occitanie	30 - Gard	2 - Nîmes	213002074 - Pouzilhac	253002679	SIRP de Pouzilhac, Valliguières	SIVU	0	0	1994-08-30	1994-08-30	MEMNB		2	1401	1	CBUDG	0	0	0	 	0	 	Mme	Claudine	LECOEUVRE		3 Bis Place du Château d'Eau		30210 POUZILHAC	    	    	sirp.valliguierespouzilhac@gmail.com					 	    	    	0	0	0	0	0	0	0	0	0	0	0	0	0	0	0	0	0	0	0	0	0	0	0	0	0	0	0	0	0	0	0	0	0	0	0	0	0	0	0	0	0	0	0	0	0	0	0	0	0	0	0	0	0	0	0	0	0	0	0	0	0	1	0	0	0	0	0	0	0	0	0	0	0	0	0	0	0	0	0	0	0	0	0	0	0	0	0	0	0	0	0	0	0	0	0	0	0	0	0	0	0	0	0	0	0	
76 - Occitanie	30 - Gard	2 - Nîmes	213001258 - Garons	253003057	SIVU du Vistre Buffalon	SIVU	0	0	1999-05-03	1999-05-03	MEMNB		3	14471	1	CBUDG	0	0	0	 	0	 	M.	Yves	RODRIGUEZ	Mairie de Garons			30128 GARONS	04 66 70 05 77	04 66 70 05 69	alain.ricardou@garons.fr					 	04 66 70 05 77	    	0	0	0	0	0	0	0	0	0	0	0	0	0	0	0	0	0	0	0	0	0	0	0	0	0	0	0	0	0	0	0	0	0	0	0	0	0	0	0	0	0	0	0	0	0	0	0	0	1	0	0	0	0	0	0	0	0	0	0	0	0	0	0	0	0	0	0	0	0	0	0	0	0	0	0	0	0	0	0	0	0	0	0	0	0	0	0	0	0	0	0	0	0	0	0	0	0	0	0	0	0	0	0	0	0	
76 - Occitanie	30 - Gard	3 - Le Vigan	213000268 - Avèze	253003107	Syndicat des eaux de la vallée de la Glèpe	SIVU	0	0	1998-08-31	1998-08-31	MEMNB		3	1332	1	CBUDG	0	0	0	 	0	 	M.	Joël	CORBIN	Mairie d'Avèze			30120 AVEZE	04 67 81 04 02	    	maveze@wanadoo.fr					 	    	    	0	0	0	0	0	0	1	0	0	0	0	0	0	0	0	0	0	0	0	0	0	0	0	0	0	0	0	0	0	0	0	0	0	0	0	0	0	0	0	0	0	0	0	0	0	0	0	0	0	0	0	0	0	0	0	0	0	0	0	0	0	0	0	0	0	0	0	0	0	0	0	0	0	0	0	0	0	0	0	0	0	0	0	0	0	0	0	0	0	0	0	0	0	0	0	0	0	0	0	0	0	0	0	0	0	
76 - Occitanie	30 - Gard	2 - Nîmes	213001563 - Marguerittes	253003131	SI pour la gestion et l'entretien des bâtiments de la Brigade de Gendarmerie Territoriale de Marguerittes	SIVU	0	0	2000-08-07	2000-08-07	MEMNB		8	32268	1	CBUDG	0	0	0	 	0	 	M.	Bernard	CHANTRIER	Mairie de Marguerittes			30320 MARGUERITTES	04 66 75 23 25	04 66 75 19 64						 	    	04 66 75 19 64	0	0	0	0	0	0	0	0	0	0	0	0	0	0	0	0	0	0	0	0	0	0	0	0	0	0	0	0	0	0	0	0	0	0	0	0	0	0	0	0	0	0	0	0	0	0	0	0	0	0	0	0	0	0	0	0	0	0	0	0	0	0	0	0	0	0	0	0	0	0	0	0	0	0	0	0	0	0	0	0	0	0	0	0	0	0	0	0	0	0	0	0	0	0	0	0	0	0	0	0	0	0	0	0	1	
76 - Occitanie	30 - Gard	2 - Nîmes	213000391 - Bezouce	253003230	SIVU du Moulin à Vent	SIVU	0	0	2002-07-05	2002-07-05	MEMNB		3	5818	1	CBUDG	0	0	0	 	0	 	Mme	Denise	BECOURT	Mairie de Bezouce			30320 BEZOUCE	04 66 75 24 23	04 66 75 29 71	isabelle.raux@bezouce.fr  ou mairie@bezouce.fr		MAIRIE DE BEZOUCE	7 route nationale		30320 BEZOUCE	04 30 06 53 70	04 66 75 29 71	0	0	0	0	0	0	0	0	0	0	0	0	0	0	0	0	0	0	0	0	0	0	0	0	0	0	0	0	0	0	0	1	0	0	0	0	0	0	0	0	0	0	0	0	0	0	0	0	0	0	0	0	0	0	0	0	0	0	0	0	0	0	0	0	0	0	0	0	0	0	0	0	0	0	0	0	0	0	0	0	0	0	0	0	0	0	0	0	0	0	0	0	0	0	0	0	0	0	0	0	0	0	0	0	0	
76 - Occitanie	30 - Gard	2 - Nîmes	213003528 - Villevieille	253003255	SI d'assainissement Vidourle et Bénovie	SIVU	0	1	2002-09-30	2002-09-30	POPUL		4	10177	1	CBUFI	0	0	0	Redevance d'assainissement	0	 	Mme	Christel	MARTIN GUIGNERY		2 Boulevard de l'Aube		30250 VILLEVIEILLE	04 66 77 10 10	04 66 93 00 87	secretariat@sivu-assainissement.com		2 Boulevard de l'Aube			30250 VILLEVIEILLE	04 66 77 10 10	04 66 93 00 87	0	0	0	0	0	0	0	1	0	0	0	0	0	0	0	0	0	0	0	0	0	0	0	0	0	0	0	0	0	0	0	0	0	0	0	0	0	0	0	0	0	0	0	0	0	0	0	0	0	0	0	0	0	0	0	0	0	0	0	0	0	0	0	0	0	0	0	0	0	0	0	0	0	0	0	0	0	0	0	0	0	0	0	0	0	0	0	0	0	0	0	0	0	0	0	0	0	0	0	0	0	0	0	0	0	
76 - Occitanie	30 - Gard	3 - Le Vigan	213000953 - Corconne	253003271	SIAEP de Corconne, Liouc, Brouzet	SIVU	0	0	1936-10-14	1936-10-14	MEMNB		3	1271	1	CBUDG	0	0	0	 	0	 	M.	Bernard	GUYEZ	Mairie de Corconne			30260 CORCONNE	    	    	corconne@wanadoo.fr		Secrétaire Mme CAZALY			 	04 66 77 32 57	    	0	0	0	0	0	0	1	0	0	0	0	0	0	0	0	0	0	0	0	0	0	0	0	0	0	0	0	0	0	0	0	0	0	0	0	0	0	0	0	0	0	0	0	0	0	0	0	0	0	0	0	0	0	0	0	0	0	0	0	0	0	0	0	0	0	0	0	0	0	0	0	0	0	0	0	0	0	0	0	0	0	0	0	0	0	0	0	0	0	0	0	0	0	0	0	0	0	0	0	0	0	0	0	0	0	
76 - Occitanie	30 - Gard	2 - Nîmes	213003510 - Villeneuve-lès-Avignon	253003289	SIVU de restauration scolaire de la région de Villeneuve Lez Avignon	SIVU	0	0	2003-01-28	2003-01-28	MEMNB		2	17008	1	CBUDG	0	0	0	 	0	 	Mme	Sandrine	SOULIER		2 Rue de la République		30400 VILLENEUVE LEZ AVIGNON	04 90 27 49 35	    			2, rue de la République			30400 VILLENEUVE LEZ AVIGNON	04 90 27 49 35	    	0	0	0	0	0	0	0	0	0	0	0	0	0	0	0	0	0	0	0	0	0	0	0	0	0	0	0	0	0	0	0	0	0	0	0	0	0	0	0	0	0	0	0	0	0	0	0	0	0	0	1	0	0	0	0	0	0	0	0	0	0	0	0	0	0	0	0	0	0	0	0	0	0	0	0	0	0	0	0	0	0	0	0	0	0	0	0	0	0	0	0	0	0	0	0	0	0	0	0	0	0	0	0	0	0	
76 - Occitanie	30 - Gard	2 - Nîmes	213000326 - Beaucaire	253003347	SI de la piscine Beaucaire-Tarascon	SIVU	0	1	1992-01-23	1992-01-23	MEMNB		2	31398	1	CBUDG	0	0	0	 	0	 	M.	JUlien	SANCHEZ	Piscine couverte Beaucaire-Tarascon			30300 BEAUCAIRE	    	    			Hôtel de ville de Beaucaire	BP 134		30302 Beaucaire cédex 2	04 66 59 34 89	    	0	0	0	0	0	0	0	0	0	0	0	0	0	0	0	0	0	0	0	0	0	0	0	0	0	0	0	0	0	0	0	0	0	0	0	0	0	0	0	0	0	0	0	0	0	0	0	0	1	0	0	0	0	0	0	0	0	0	0	0	0	0	0	0	0	0	0	0	0	0	0	0	0	0	0	0	0	0	0	0	0	0	0	0	0	0	0	0	0	0	0	0	0	0	0	0	0	0	0	0	0	0	0	0	0	
76 - Occitanie	30 - Gard	1 - Alès	213000102 - Anduze	253003404	SIVU pour la gestion et l'entretien du Château de Tornac	SIVU	0	0	2004-08-06	2004-08-06	MEMNB		2	4332	1	CBUDG	0	0	0	 	0	 	Mme	Marielle	VIGNE	Mairie d'Anduze			30140 ANDUZE	04 66 61 80 08	    	comptabilité@mairie-anduze.com		Mairie d'Anduze	Plan de Brie		30140 ANDUZE	04 66 61 95 87	    	0	0	0	0	0	0	0	0	0	0	0	0	0	0	0	0	0	0	0	0	0	0	0	0	0	0	0	0	0	0	0	0	0	0	0	0	0	0	0	0	0	0	0	0	0	0	0	0	1	0	0	0	0	0	0	0	0	0	0	0	0	0	0	0	0	0	0	0	0	0	0	0	0	0	0	0	0	0	0	0	0	0	0	0	0	0	0	0	0	0	0	0	0	0	0	0	0	0	0	0	0	0	0	0	0	
76 - Occitanie	30 - Gard	3 - Le Vigan	213002108 - Quissac	200028488	SIRP du Coutach	SIVOM	0	0	2011-03-30	2011-03-30	MEMNB		6	4991	4	CBUDG	0	0	0	 	0	 	M.	Serge	CATHALA		105 Promenade Jean Auzilhon		30260 QUISSAC	    	    	contact@sirp-coutach.fr	www.sirp-coutach.fr	48 place des arênes			30260 quissac	04 66 88 17 98	04 66 88 04 83	0	0	0	0	0	0	0	0	0	0	0	0	0	0	0	0	0	0	0	0	0	0	0	0	0	0	0	0	0	0	0	0	0	0	0	0	0	0	0	0	0	0	0	0	0	0	0	0	0	1	1	0	0	0	0	0	0	0	0	0	0	1	0	0	0	0	0	0	0	0	0	0	0	0	0	0	0	0	0	0	0	0	0	0	0	0	0	0	0	0	0	0	0	0	0	1	0	0	0	0	0	0	0	0	0	
76 - Occitanie	30 - Gard	1 - Alès	213000532 - Brignon	200071256	SI de la Gardonnenque	SIVOM	1	0	2017-01-01	2017-01-01	MEMNB		9	6322	2	CBUDG	0	0	0		0		Mme	Séverine	SOUCHE		n°1 D936		30190 BRIGNON	04 66 25 65 61	    	si-communal-de-la-gardonnenque@orange.fr					 	    	04 66 83 27 72	0	0	0	0	0	0	0	0	0	0	0	0	0	0	0	0	0	0	0	0	0	0	0	0	0	0	0	0	0	0	0	0	0	0	0	0	0	0	0	0	0	0	0	0	0	0	0	0	0	1	1	0	0	0	0	0	0	0	0	0	0	0	0	0	0	0	0	0	0	0	0	0	0	0	0	0	0	0	0	0	0	0	0	0	0	0	0	0	0	0	0	0	0	0	0	0	0	0	0	0	0	0	0	0	0	
76 - Occitanie	30 - Gard	1 - Alès	213000771 - Cendras	200083764	Syndicat des Hautes vallées Cévenoles	SIVOM	1	1	2018-10-18	2018-10-18	MEMNB		18	10326	2	CBUDG	0	0	0		0		M.	Yannick	LOUCHE		Place Roger Assenat		30480 CENDRAS	04 66 30 14 56	    	contact@shvc.fr et direction@shvc.fr	www.hautesvalleescevenoles.fr				 	04 66 30 14 56	    	0	0	0	0	0	0	0	0	0	0	0	0	0	0	0	0	0	0	0	0	0	1	0	0	0	0	0	0	0	0	0	0	0	0	0	0	0	0	0	0	0	0	0	0	0	0	0	0	0	0	0	0	0	0	0	0	0	0	0	0	0	0	0	0	0	0	0	0	0	0	0	0	0	0	0	0	0	0	0	0	0	0	0	0	0	0	0	0	0	0	0	0	0	0	0	0	0	0	0	0	0	0	0	0	1	
76 - Occitanie	30 - Gard	3 - Le Vigan	213003254 - Sumène	243000015	SIVOM de la région du canton de Sumène	SIVOM	0	0	1964-08-08	1964-08-08	MEMNB		7	2544	3	CBUDG	0	0	0	 	0	 	M.	Thierry	FINIELS	Mairie de Sumène			30440 SUMENE	04 67 81 30 05	    	mairie-de-sumene@wanadoo.fr					 	    	    	0	0	0	0	0	0	0	0	0	0	0	0	0	0	0	0	0	0	0	0	0	1	0	0	0	0	0	0	0	0	0	0	0	0	0	0	0	0	0	0	0	0	0	0	0	0	0	0	0	0	0	0	0	0	0	0	0	0	0	0	0	0	0	0	0	0	0	0	0	1	0	0	0	0	0	0	0	0	0	0	0	0	0	0	0	0	0	0	0	0	0	1	0	0	0	0	0	0	0	0	0	0	0	0	0	
76 - Occitanie	30 - Gard	2 - Nîmes	213000839 - Codognan	243000056	SIVOM du Moyen Rhôny	SIVOM	0	0	1965-06-24	1965-06-24	POPUL		3	9759	3	CBUDG	0	0	0	 	0	 	M.	Alain	SOUBEIRAN	Mairie de Codognan	39 Rue de la Mairie		30920 CODOGNAN	04 66 35 03 07	    	sivom-moyen.rhony@wanadoo.fr					 	    	04 66 73 79 80	0	0	0	0	0	0	1	1	1	0	0	0	0	0	0	0	0	0	0	0	0	0	0	0	0	0	0	0	0	0	0	0	0	0	0	0	0	0	0	0	0	0	0	0	0	0	0	0	0	0	0	0	0	0	0	0	0	0	0	0	0	0	0	0	0	0	0	0	0	0	0	0	0	0	0	0	0	0	0	0	0	0	0	0	0	0	0	0	0	0	0	0	0	0	0	0	0	0	0	0	0	0	0	0	0	
76 - Occitanie	30 - Gard	3 - Le Vigan	213003502 - Le Vigan	243000064	SIVOM du Pays Viganais	SIVOM	1	0	1950-01-01	1950-01-01	MEMNB		20	9898	3	CBUDG	0	0	0	 	0	 	M.	Romaric	CASTOR	Maison de l'Intercommunalité	3 Avenue Sergent Triaire		30120 LE VIGAN	04 99 54 27 00	    	sivom@cc-paysviganais.fr		3 avenue du Sergent Triaire	Maison de l'intercommunalité		30120 Le Vigan	04 99 54 27 00	    	0	0	0	0	0	0	0	1	1	0	0	0	0	0	0	0	0	0	0	0	0	0	0	0	0	0	0	0	0	0	0	0	0	0	0	0	0	0	0	0	0	0	0	0	0	0	0	0	0	0	0	0	0	0	0	0	0	0	0	0	0	0	0	0	0	0	0	0	0	0	0	0	0	0	0	0	0	0	0	0	0	0	0	0	0	0	0	0	0	0	0	0	0	0	0	1	0	0	0	0	0	0	0	0	0	
76 - Occitanie	30 - Gard	1 - Alès	213000375 - Bessèges	243000072	SIVOM de la région de Bessèges	SIVOM	0	0	1966-07-28	1966-07-28	AUTR		6	6148	6	CBUDG	0	0	0	 	0	 	M.	Bernard	PORTALES	Mairie de Bessèges			30160 BESSEGES	04 66 25 00 01	04 66 25 27 95	f.ortega@besseges.fr		Mairie de Bessèges	Place Général de Gaulle		30160 BESSEGES	04 66 25 34 70	04 66 25 27 95	0	0	0	0	0	0	0	1	0	0	0	0	0	0	0	0	0	0	0	0	0	0	0	0	0	0	0	0	0	0	1	1	0	0	0	0	0	0	0	0	0	0	0	0	0	0	0	0	0	0	0	0	0	1	1	0	0	0	0	0	0	0	0	0	0	0	0	0	0	0	0	0	0	0	0	0	0	0	0	0	0	0	0	0	0	0	0	0	0	1	0	0	0	0	0	0	0	0	0	0	0	0	0	0	0	
76 - Occitanie	30 - Gard	1 - Alès	213000375 - Bessèges	243000189	SIVOM de la Charte vallées orientales du Mont Lozère	SIVOM	0	0	1988-07-11	1988-07-11	POPUL		9	7072	2	CBUDG	0	0	0	 	0	 	M.	Bernard	PORTALES	Mairie de Bessèges			30160 BESSEGES	04 66 25 00 01	04 66 25 34 84	mairie-de-besseges@wanadoo.fr		mairie de Besseges	place Général de Gaulle		30160 BESSEGES	04 66 25 00 01	04 66 25 34 84	0	0	0	0	0	0	0	0	0	0	0	0	0	0	0	0	0	0	0	0	0	0	0	0	0	0	0	0	0	1	0	0	0	0	0	0	0	0	0	0	0	0	0	0	0	0	0	0	0	0	0	0	0	0	0	0	0	0	0	0	0	0	0	0	0	0	0	1	0	0	0	0	0	0	0	0	0	0	0	0	0	0	0	0	0	0	0	0	0	0	0	0	0	0	0	0	0	0	0	0	0	0	0	0	0	
76 - Occitanie	30 - Gard	2 - Nîmes	213002793 - Saint-Laurent-la-Vernède	253000319	SIAEPA de Saint-Laurent-la-Vernède	SIVOM	0	0	1959-02-28	1959-02-28	MEMNB		3	1300	3	CBUDG	0	0	0	 	0	 	M.	Claude	DUVALET		7 Impasse de la Durande		30330 ST LAURENT LA VERNEDE	04 66 72 80 82	04 66 72 85 41	siaepa.stlaur@orange.fr		7 impasse de la Durande			30330 ST LAURENT LA VERNEDE	04 66 72 88 21	04 66 72 85 41	0	0	0	0	0	0	1	1	1	0	0	0	0	0	0	0	0	0	0	0	0	0	0	0	0	0	0	0	0	0	0	0	0	0	0	0	0	0	0	0	0	0	0	0	0	0	0	0	0	0	0	0	0	0	0	0	0	0	0	0	0	0	0	0	0	0	0	0	0	0	0	0	0	0	0	0	0	0	0	0	0	0	0	0	0	0	0	0	0	0	0	0	0	0	0	0	0	0	0	0	0	0	0	0	0	
76 - Occitanie	30 - Gard	2 - Nîmes	213003510 - Villeneuve-lès-Avignon	253001267	SIVOM du canton de Villeneuve-lès-Avignon	SIVOM	0	0	1972-10-09	1972-10-09	POPUL		5	35967	3	CBUDG	0	0	0	 	0	 	M.	Paul	MELY	Mairie de Villeneuve-lez-Avignon	2 Rue de la République	BP 45	30404 VILLENEUVE LEZ  AVIGNON	04 90 27 49 35	04 90 25 88 03	m-billard@villeneuvelezavignon.fr		Mairie de VILLENEUVE LEZ  AVIGNON	secrétaire Mme Billard		30400 VILLENEUVE LEZ  AVIGNON	04 90 27 49 87	04 90 25 88 03	0	0	0	0	0	0	0	0	0	0	0	0	0	0	0	0	0	0	0	0	0	0	0	0	0	0	0	0	0	0	0	0	0	0	0	0	0	0	0	0	0	0	0	0	0	0	0	0	1	0	1	0	0	0	1	0	0	0	0	0	0	0	0	0	0	0	0	0	0	0	0	0	0	0	0	0	0	0	0	0	0	0	0	0	0	0	0	0	0	0	0	0	0	0	0	0	0	0	0	0	0	0	0	0	0	
76 - Occitanie	30 - Gard	2 - Nîmes	213002249 - La Rouvière	253001598	SIRP de La Rouvière - Montignargues	SIVOM	0	0	1985-09-18	1985-09-18	MEMNB		2	1221	3	CBUDG	0	0	0	 	0	 	Mme	Véronique	POIGNET-SENGER	Mairie de La Rouvière			30190 LA ROUVIERE	04 66 81 03 99	04 66 81 03 99			Mairie de LA ROUVIERE			30190 LA ROUVIERE	04 66 81 03 99	04 66 81 03 99	0	0	0	0	0	0	0	0	0	0	0	0	0	0	0	0	0	0	0	0	0	0	0	0	0	0	0	0	0	0	0	0	0	0	0	0	0	0	0	0	0	0	0	0	0	0	0	0	0	1	1	0	0	0	0	0	0	0	0	0	0	1	0	0	0	0	0	0	0	0	0	0	0	0	0	0	0	0	0	0	0	0	0	0	0	0	0	0	0	0	0	0	0	0	0	0	0	0	0	0	0	0	0	0	0	
76 - Occitanie	30 - Gard	2 - Nîmes	213001241 - Le Garn	253001739	SIRP d'Issirac, Le Garn, Laval-Saint-Roman	SIVOM	0	0	1984-08-27	1984-08-27	MEMNB		3	771	2	CBUDG	0	0	0	 	0	 	Mme	Marielle	IBANEZ	Mairie de Le Garn			30760 LE GARN	04 66 82 16 80	04 66 82 16 80	sirpecoles@gmail.com		330 rue des platanes			30760 LAVAL SAINT ROMAN	04 66 82 16 80	04 66 82 16 80	0	0	0	0	0	0	0	0	0	0	0	0	0	0	0	0	0	0	0	0	0	0	0	0	0	0	0	0	0	0	0	0	0	0	0	0	0	0	0	0	0	0	0	0	0	0	0	0	0	0	1	0	0	0	0	0	0	0	0	0	0	1	0	0	0	0	0	0	0	0	0	0	0	0	0	0	0	0	0	0	0	0	0	0	0	0	0	0	0	0	0	0	0	0	0	0	0	0	0	0	0	0	0	0	0	
76 - Occitanie	30 - Gard	2 - Nîmes	213002454 - Saint-Côme-et-Maruéjols	253001804	SIVU de voirie	SIVOM	0	0	1988-09-02	1988-09-02	MEMNB		16	15764	2	CBUDG	0	0	0	 	0	 	M.	Michel	VERDIER	Mairie de Saint-Côme-et-Maruéjols			30870 SAINT-COME-ET-MARUEJOLS	04 66 81 33 13	04 66 81 82 46						 	    	04 66 81 82 46	0	0	0	0	0	0	0	0	0	0	0	0	0	0	0	0	0	0	0	0	0	0	0	0	0	0	0	0	0	0	0	0	0	0	0	0	0	0	0	0	0	0	0	0	0	0	0	0	0	0	0	0	0	0	0	0	0	0	0	0	0	0	0	0	0	0	0	0	0	1	0	0	0	0	0	0	0	0	0	0	0	0	0	0	0	0	0	0	0	0	0	0	0	0	0	1	0	0	0	0	0	0	0	0	0	
76 - Occitanie	30 - Gard	3 - Le Vigan	213003106 - Saumane	253001929	SIRP de la vallée Borgne	SIVOM	0	0	1988-06-06	1988-06-06	MEMNB		4	1056	2	CBUDG	0	0	0	 	0	 	Mme	Candice	BOUTAVIN	Mairie de Saumane			30125 SAUMANE	04 66 83 91 42	    	sirp.valleeborgne@sfr.fr					 	    	    	0	0	0	0	0	0	0	0	0	0	0	0	0	0	0	0	0	0	0	0	0	0	0	0	0	0	0	0	0	0	0	0	0	0	0	0	0	0	0	0	0	0	0	0	0	0	0	0	0	0	1	0	0	0	0	0	0	0	0	0	0	1	0	0	0	0	0	0	0	0	0	0	0	0	0	0	0	0	0	0	0	0	0	0	0	0	0	0	0	0	0	0	0	0	0	0	0	0	0	0	0	0	0	0	0	
76 - Occitanie	30 - Gard	3 - Le Vigan	213001605 - Maruéjols-lès-Gardon	253001952	SIRP de Saint-Bénézet, Aigremont, Maruéjols-les-Gardons, Cassagnoles	SIVOM	0	0	1987-07-22	1987-07-22	MEMNB		4	1792	3	CBUDG	0	0	0	 	0	 	M.	Gilles	TRINQUIER	Mairie de Maruéjols-les-Gardons			30350 MARUEJOLS LES GARDONS	    	    	sirp.maruejolslesgardon30350@orange.fr		3 rue de l'Ecole			30350 AIGREMONT	04 66 83 41 25	    	0	0	0	0	0	0	0	0	0	0	0	0	0	0	0	0	0	0	0	0	0	0	0	0	0	0	0	0	0	0	0	0	0	0	0	0	0	0	0	0	0	0	0	0	0	0	0	0	0	1	1	0	0	0	0	0	0	0	0	0	0	1	0	0	0	0	0	0	0	0	0	0	0	0	0	0	0	0	0	0	0	0	0	0	0	0	0	0	0	0	0	0	0	0	0	0	0	0	0	0	0	0	0	0	0	
76 - Occitanie	30 - Gard	2 - Nîmes	213001043 - Domessargues	253002075	SIRS de Domessargues, Mauresargues, Montagnac, Moulézan	SIVOM	0	0	1989-11-10	1989-11-10	MEMNB		4	1827	2	CBUDG	0	0	0	 	0	 	M.	Bernard	CLEMENT	Mairie de Domessargues	10 Chemin des Vignerons		30350 DOMESSARGUES	04 66 83 31 65	    	mairie5.domessargues@orange.fr		Mairie de Domessargues	101 chemin des vignerons		30350 DOMESSARGUES	04 66 83 31 65	    	0	0	0	0	0	0	0	0	0	0	0	0	0	0	0	0	0	0	0	0	0	0	0	0	0	0	0	0	0	0	0	0	0	0	0	0	0	0	0	0	0	0	0	0	0	0	0	0	0	1	0	0	0	0	0	0	0	0	0	0	0	1	0	0	0	0	0	0	0	0	0	0	0	0	0	0	0	0	0	0	0	0	0	0	0	0	0	0	0	0	0	0	0	0	0	0	0	0	0	0	0	0	0	0	0	
76 - Occitanie	30 - Gard	3 - Le Vigan	213003007 - Saint-Théodorit	253002091	SIRP de Canaules, Savignargues et Saint-Théodorit	SIVOM	0	0	1989-09-20	1989-09-20	MEMNB		3	1277	3	CBUDG	0	0	0	 	0	 	Mme	Marie	TOUREL	Accueil périscolaire	55 Bis Route de Quissac		30260 SAINT THEODORIT	    	    	s.i.r.p@orange.fr					 	04 66 80 20 59	    	0	0	0	0	0	0	0	0	0	0	0	0	0	0	0	0	0	0	0	0	0	0	0	0	0	0	0	0	0	0	0	0	0	0	0	0	0	0	0	0	0	0	0	0	0	0	0	0	0	1	1	0	0	0	0	0	0	0	0	0	0	1	0	0	0	0	0	0	0	0	0	0	0	0	0	0	0	0	0	0	0	0	0	0	0	0	0	0	0	0	0	0	0	0	0	0	0	0	0	0	0	0	0	0	0	
76 - Occitanie	30 - Gard	2 - Nîmes	213001118 - Foissac	253002158	SIRP d'Aigaliers, Baron et Foissac	SIVOM	0	0	1990-04-30	1990-04-30	MEMNB		3	1354	4	CFISC	0	0	0	 	0	 	Mme	Frédérique	BONZI	Mairie de Foissac			30700 FOISSAC	04 66 22 03 00	04 66 03 02 16	mairie.foissac@wanadoo.fr		Mairie de FOISSAC			30700 FOISSAC	04 66 22 03 00	04 66 03 02 16	0	0	0	0	0	0	0	0	0	0	0	0	0	0	0	0	0	0	0	0	0	0	0	0	0	0	0	0	0	0	0	0	0	0	0	0	0	0	0	0	0	0	0	0	0	0	0	0	0	0	1	0	0	1	1	0	0	0	0	0	0	1	0	0	0	0	0	0	0	0	0	0	0	0	0	0	0	0	0	0	0	0	0	0	0	0	0	0	0	0	0	0	0	0	0	0	0	0	0	0	0	0	0	0	0	
76 - Occitanie	30 - Gard	2 - Nîmes	213000862 - Collorgues	253002273	SIRP Garrigues-Sainte-Eulalie et Collorgues	SIVOM	0	0	1991-06-14	1991-06-14	MEMNB		2	1444	2	CBUDG	0	0	0	 	0	 	M.	Didier	KIELPINSKI	Mairie de Collorgues			30190 COLLORGUES	04 66 81 20 58	    	garrigues.ste.eulalie@wanadoo.fr		Mairie de Garrigues-Sainte-Eulalie			30190 GARRIGUES-SAINTE-EULALIE	04 66 81 24 07	    	0	0	0	0	0	0	0	0	0	0	0	0	0	0	0	0	0	0	0	0	0	0	0	0	0	0	0	0	0	0	0	0	0	0	0	0	0	0	0	0	0	0	0	0	0	0	0	0	0	1	0	0	0	0	0	0	0	0	0	0	0	1	0	0	0	0	0	0	0	0	0	0	0	0	0	0	0	0	0	0	0	0	0	0	0	0	0	0	0	0	0	0	0	0	0	0	0	0	0	0	0	0	0	0	0	
76 - Occitanie	30 - Gard	2 - Nîmes	213002793 - Saint-Laurent-la-Vernède	253002315	SIRP de la vallée de la Tave	SIVOM	0	0	1991-01-28	1991-01-28	MEMNB		4	1507	2	CBUDG	0	0	0	 	0	 	M.	Jérôme	VEYRAT	Mairie de Saint-Laurent-la-Vernède			30330 SAINT-LAURENT-LA-VERNEDE	04 66 72 80 82	04 66 72 85 41	sirpvt@orange.fr					 	    	04 66 72 85 41	0	0	0	0	0	0	0	0	0	0	0	0	0	0	0	0	0	0	0	0	0	0	0	0	0	0	0	0	0	0	0	0	0	0	0	0	0	0	0	0	0	0	0	0	0	0	0	0	0	0	1	0	0	0	0	0	0	0	0	0	0	1	0	0	0	0	0	0	0	0	0	0	0	0	0	0	0	0	0	0	0	0	0	0	0	0	0	0	0	0	0	0	0	0	0	0	0	0	0	0	0	0	0	0	0	
76 - Occitanie	30 - Gard	2 - Nîmes	213002330 - Saint-Bauzély	253002364	SIRS Fons, Saint-Bauzély, Gajan	SIVOM	0	0	1991-09-27	1991-09-27	MEMNB		3	3170	2	CBUDG	0	0	0	 	0	 	Mme	Delphine	GUIRAUD	Mairie de Saint-Bauzély	1 Place de la Mairie		30730 SAINT-BAUZELY	04 66 81 11 95	04 66 81 14 31						 	    	    	0	0	0	0	0	0	0	0	0	0	0	0	0	0	0	0	0	0	0	0	0	0	0	0	0	0	0	0	0	0	0	0	0	0	0	0	0	0	0	0	0	0	0	0	0	0	0	0	0	0	1	0	0	0	0	0	0	0	0	0	0	1	0	0	0	0	0	0	0	0	0	0	0	0	0	0	0	0	0	0	0	0	0	0	0	0	0	0	0	0	0	0	0	0	0	0	0	0	0	0	0	0	0	0	0	
76 - Occitanie	30 - Gard	2 - Nîmes	213002124 - Remoulins	253002471	SI des eaux de Remoulins et Saint-Bonnet-du-Gard	SIVOM	0	0	1992-11-12	1992-11-12	MEMNB		2	3149	2	CBUDG	0	0	0	 	0	 	M.	Nicolas	CARTAILLER	Mairie de Remoulins			30210 REMOULINS	04 66 37 14 50	04 66 37 39 72	mairie@remoulins.fr		Mairie de Remoulins	71 avenue Geoffroy Perret	BP50	30210 REMOULINS	04 66 37 61 93	04 66 37 39 72	0	0	0	0	0	0	1	1	0	0	0	0	0	0	0	0	0	0	0	0	0	0	0	0	0	0	0	0	0	0	0	0	0	0	0	0	0	0	0	0	0	0	0	0	0	0	0	0	0	0	0	0	0	0	0	0	0	0	0	0	0	0	0	0	0	0	0	0	0	0	0	0	0	0	0	0	0	0	0	0	0	0	0	0	0	0	0	0	0	0	0	0	0	0	0	0	0	0	0	0	0	0	0	0	0	
76 - Occitanie	30 - Gard	3 - Le Vigan	213001191 - Fressac	253002570	SIRP de Durfort Fressac	SIVOM	0	0	1993-09-27	1993-09-27	MEMNB		2	932	3	CBUDG	0	0	0	 	0	 	Mme	Céline	MAGOT	Mairie de Fressac			30170 FRESSAC	    	    	sirp.durfort.fressac@gmail.com					 	04 66 77 57 86	    	0	0	0	0	0	0	0	0	0	0	0	0	0	0	0	0	0	0	0	0	0	0	0	0	0	0	0	0	0	0	0	0	0	0	0	0	0	0	0	0	0	0	0	0	0	0	0	0	0	1	1	0	0	0	0	0	0	0	0	0	0	1	0	0	0	0	0	0	0	0	0	0	0	0	0	0	0	0	0	0	0	0	0	0	0	0	0	0	0	0	0	0	0	0	0	0	0	0	0	0	0	0	0	0	0	
76 - Occitanie	30 - Gard	2 - Nîmes	213000490 - Bourdic	253002703	SIRS de Bourdic et Aubussargues	SIVOM	0	0	1994-09-05	1994-09-05	MEMNB		2	707	2	CBUDG	0	0	0	 	0	 	Mme	Cathie	CARDON	Mairie de Bourdic			30190 BOURDIC	04 66 81 23 50	04 66 81 98 62	sirs.aubussargues.bourdic@gmail.com		Mairie d'Aubussargues	Rue de la Mairie		30190 AUBUSSARGUES	04 66 81 21 77	04 66 81 98 62	0	0	0	0	0	0	0	0	0	0	0	0	0	0	0	0	0	0	0	0	0	0	0	0	0	0	0	0	0	0	0	0	0	0	0	0	0	0	0	0	0	0	0	0	0	0	0	0	0	0	1	0	0	0	0	0	0	0	0	0	0	1	0	0	0	0	0	0	0	0	0	0	0	0	0	0	0	0	0	0	0	0	0	0	0	0	0	0	0	0	0	0	0	0	0	0	0	0	0	0	0	0	0	0	0	
76 - Occitanie	30 - Gard	3 - Le Vigan	213000177 - Arrigas	253002828	SI du développement de l'école en milieu rural	SIVOM	0	0	1996-06-21	1996-06-21	MEMNB		4	1072	2	CBUDG	0	0	0	 	0	 	M.	Romaric	CASTOR	Mairie d'Arrigas			30770 ARRIGAS	04 67 82 01 89	    	mairie.arrigas@wanadoo.fr					 	    	    	0	0	0	0	0	0	0	0	0	0	0	0	0	0	0	0	0	0	0	0	0	0	0	0	0	0	0	0	0	0	0	0	0	0	0	0	0	0	0	0	0	0	0	0	0	0	0	0	0	1	1	0	0	0	0	0	0	0	0	0	0	0	0	0	0	0	0	0	0	0	0	0	0	0	0	0	0	0	0	0	0	0	0	0	0	0	0	0	0	0	0	0	0	0	0	0	0	0	0	0	0	0	0	0	0	
76 - Occitanie	30 - Gard	2 - Nîmes	213000672 - La Capelle-et-Masmolène	253002885	SIRP de La Capelle-et-Masmolène, Flaux, Saint-Victor-des-Oules	SIVOM	0	0	1997-01-06	1997-01-06	MEMNB		3	1101	3	CBUDG	0	0	0	 	0	 	M.	Denis	JUVIN	Place Verdun			30700 LA CAPELLE MASMOLENE	04 66 37 27 47	    	sirp30700@laposte.net					 	    	    	0	0	0	0	0	0	0	0	0	0	0	0	0	0	0	0	0	0	0	0	0	0	0	0	0	0	0	0	0	0	0	0	0	0	0	0	0	0	0	0	0	0	0	0	0	0	0	0	0	1	1	0	0	0	0	0	0	0	0	0	0	1	0	0	0	0	0	0	0	0	0	0	0	0	0	0	0	0	0	0	0	0	0	0	0	0	0	0	0	0	0	0	0	0	0	0	0	0	0	0	0	0	0	0	0	
76 - Occitanie	30 - Gard	3 - Le Vigan	213000953 - Corconne	253002992	SIRP de Brouzet-lès-Quissac, Carnas, Corconne	SIVOM	0	0	1998-09-21	1998-09-21	MEMNB		3	1472	2	CBUDG	0	0	0		0		M.	pHILIPPE	DE TOLEDO	Mairie de Corconne			30260 CORCONNE	04 66 77 32 57	04 66 77 19 58			Mairie de BROUZET LES QUISSAC			30260 BROUZET LES QUISSAC	04 66 77 30 28	04 66 77 30 28	0	0	0	0	0	0	0	0	0	0	0	0	0	0	0	0	0	0	0	0	0	0	0	0	0	0	0	0	0	0	0	0	0	0	0	0	0	0	0	0	0	0	0	0	0	0	0	0	0	0	1	0	0	0	0	0	0	0	0	0	0	1	0	0	0	0	0	0	0	0	0	0	0	0	0	0	0	0	0	0	0	0	0	0	0	0	0	0	0	0	0	0	0	0	0	0	0	0	0	0	0	0	0	0	0	
76 - Occitanie	30 - Gard	2 - Nîmes	213001514 - Lussan	253003099	SIRP de Lussan - Fons-sur-Lussan - Vallérargues	SIVOM	0	0	2000-06-14	2000-06-14	MEMNB		3	899	3	CBUFI	0	0	0	 	0	 	Mme	Carole	FRETIERE	Mairie de Lussan			30580 LUSSAN	04 66 72 90 58	04 66 72 90 58	sirpdelussan@orange.fr		Mairie de Vallérargues	rue principale		30580 VALLERARGUES	04 66 72 90 70	04 66 72 90 58	0	0	0	0	0	0	0	0	0	0	0	0	0	0	0	0	0	0	0	0	0	0	0	0	0	0	0	0	0	0	0	0	0	0	0	0	0	0	0	0	0	0	0	0	0	0	0	0	0	1	1	0	0	0	0	0	0	0	0	0	0	1	0	0	0	0	0	0	0	0	0	0	0	0	0	0	0	0	0	0	0	0	0	0	0	0	0	0	0	0	0	0	0	0	0	0	0	0	0	0	0	0	0	0	0	
76 - Occitanie	30 - Gard	2 - Nîmes	213003510 - Villeneuve-lès-Avignon	253003222	SI pour le développement social des cantons de Villeveuve-Lez-Avignon et Roquemaure (SIDSCAVAR)	SIVOM	0	0	2002-01-24	2002-01-24	POPUL		6	38040	1	CBUDG	0	0	0	 	0	 	M.	Farès	ORCET		1 Allée Pierre Louis Loisil		30400 VILLENEUVE-LEZ-AVIGNON	04 90 15 97 00	04 90 25 79 77						 	    	04 90 25 79 77	0	0	0	0	0	0	0	0	0	0	0	0	0	0	0	0	0	0	0	0	0	0	0	0	0	0	0	0	0	0	0	1	0	0	0	0	0	0	0	0	0	0	0	0	0	0	0	0	0	0	0	0	0	0	0	0	0	0	0	0	0	0	0	0	0	0	0	0	0	0	0	0	0	0	0	0	0	0	0	0	0	0	0	0	0	0	0	0	0	0	0	0	0	0	0	0	0	0	0	0	0	0	0	0	0	
76 - Occitanie	30 - Gard	2 - Nîmes	213003379 - Vallabrix	253003446	SIRP du Soleyron et Brugas et Seynes	SIVOM	0	0	2005-03-17	2005-03-17	MEMNB		2	683	2	CBUDG	0	0	0	 	0	 	Mme	Marie-Hélène	VAUX	Mairie de Vallabrix			30700 VALLABRIX	04 66 22 58 12	04 66 22 01 48			Mairie de Vallabrix			30700 VALLABRIX	04 66 22 58 12	04 66 22 01 48	0	0	0	0	0	0	0	0	0	0	0	0	0	0	0	0	0	0	0	0	0	0	0	0	0	0	0	0	0	0	0	0	0	0	0	0	0	0	0	0	0	0	0	0	0	0	0	0	0	0	1	0	0	0	0	0	0	0	0	0	0	1	0	0	0	0	0	0	0	0	0	0	0	0	0	0	0	0	0	0	0	0	0	0	0	0	0	0	0	0	0	0	0	0	0	0	0	0	0	0	0	0	0	0	0	
76 - Occitanie	30 - Gard	2 - Nîmes	213001894 - Nîmes	200039543	SM d'électricité du Gard	SMF	1	0	2014-04-01	2014-04-01	POPUL		337	770043	4	CBUFI	0	0	0		0		M.	Roland	CANAYER		4 Rue Bridaine		30000 NIMES	    	    						 	04 66 38 65 75	    	1	0	0	0	0	1	0	0	0	0	0	0	0	0	0	0	0	0	0	0	0	0	0	0	0	0	0	0	0	0	0	0	0	0	0	0	0	0	0	0	0	0	0	0	0	0	0	0	0	0	0	0	0	0	0	0	0	0	0	0	0	0	0	0	0	0	0	0	0	0	0	0	0	0	0	0	0	0	0	0	0	0	0	0	0	0	0	0	0	1	0	0	0	0	0	0	0	0	0	1	0	0	0	0	0	
76 - Occitanie	30 - Gard	3 - Le Vigan	213000938 - Conqueyrac	200065712	SM DFCI Salavès Sommiérois	SMF	0	0	2016-07-22	2017-01-01	MEMNB		15	35445	1	CBUDG	0	0	0		0		M.	Michael	SEVERAN	Mairie de Conqueyrac			30170 CONQUEYRAC	04 66 77 20 81	    	smdfci.salaves-sommierois@orange.fr					 	04 66 77 20 81	    	0	0	0	0	0	0	0	0	0	0	0	0	0	0	0	0	0	0	0	0	0	1	0	0	0	0	0	0	0	0	0	0	0	0	0	0	0	0	0	0	0	0	0	0	0	0	0	0	0	0	0	0	0	0	0	0	0	0	0	0	0	0	0	0	0	0	0	0	0	0	0	0	0	0	0	0	0	0	0	0	0	0	0	0	0	0	0	0	0	0	0	0	0	0	0	0	0	0	0	0	0	0	0	0	0	
76 - Occitanie	30 - Gard	2 - Nîmes	213002819 - Saint-Mamert-du-Gard	200065753	SM Lens Pignèdes	SMF	0	0	2016-07-22	2017-01-01	POPUL		19	22069	1	CBUDG	0	0	0		0		M.	Serge	ROUVIERE	Mairie de Saint-Mamert-du-Gard	Place de la Mairie		30730 SAINT-MAMERT-DU-GARD	04 66 81 10 29	04 66 81 10 22						 	    	    	0	0	0	0	0	0	0	0	0	0	0	0	0	0	0	0	0	0	0	0	0	1	0	0	0	0	0	0	0	0	0	0	0	0	0	0	0	0	0	0	0	0	0	0	0	0	0	0	0	0	0	0	0	0	0	0	0	0	0	0	0	0	0	0	0	0	0	0	0	0	0	0	0	0	0	0	0	0	0	0	0	0	0	0	0	0	0	0	0	0	0	0	0	0	0	0	0	0	0	0	0	0	0	0	0	
76 - Occitanie	30 - Gard	2 - Nîmes	213001043 - Domessargues	200066082	SIAEP de Domessargues, Saint-Théodorit	SMF	0	0	2016-10-12	2017-01-01	MEMNB		9	5065	1	AUCUN	0	0	0	oui	0		M.	Bernard	CLEMENT	Mairie de Domessargues	10 Chemin des Vignerons		30350 DOMESSARGUES	04 66 83 31 65	    	mairie5.domessargues@orange.fr		10 chemin des Vignerons			30350 DOMESSARGUES	04 66 83 31 65	    	0	0	0	0	0	0	1	0	0	0	0	0	0	0	0	0	0	0	0	0	0	0	0	0	0	0	0	0	0	0	0	0	0	0	0	0	0	0	0	0	0	0	0	0	0	0	0	0	0	0	0	0	0	0	0	0	0	0	0	0	0	0	0	0	0	0	0	0	0	0	0	0	0	0	0	0	0	0	0	0	0	0	0	0	0	0	0	0	0	0	0	0	0	0	0	0	0	0	0	0	0	0	0	0	0	
76 - Occitanie	30 - Gard	2 - Nîmes	213002819 - Saint-Mamert-du-Gard	200071231	SI des écoles maternelles de Fons, Gajan, Parignargues, Saint-Bauzèly, Saint-Mamert	SMF	0	0	2017-01-01	2017-01-01	MEMNB		5	5527	2	CFISC	0	0	0		0		Mme	Catherine	BERGOGNE	Mairie de Saint-Mamert-du-Gard			30730 SAINT MAMERT DU GARD	04 66 81 10 53	04 66 63 26 08	siem@st-mamertdugard.fr		Mairie de Saint Mamert du Gard			30730 SAINT MAMERT DU GARD	04 66 81 10 29	04 66 63 26 08	0	0	0	0	0	0	0	0	0	0	0	0	0	0	0	0	0	0	0	0	0	0	0	0	0	0	0	0	0	0	0	0	0	0	0	0	0	0	0	0	0	0	0	0	0	0	0	0	0	1	1	0	0	0	0	0	0	0	0	0	0	0	0	0	0	0	0	0	0	0	0	0	0	0	0	0	0	0	0	0	0	0	0	0	0	0	0	0	0	0	0	0	0	0	0	0	0	0	0	0	0	0	0	0	0	
76 - Occitanie	30 - Gard	2 - Nîmes	213001894 - Nîmes	200071272	SM des Garrigues de la Région de Nîmes	SMF	0	0	2017-01-01	2017-01-01	MEMNB		20	229316	1	CBUDG	0	0	0		0		M.	Alain	VIALA	Mairie de Nîmes	Place de l'Hôtel de Ville		30033 NIMES CEDEX 9	04 66 76 70 01	    	syndicat.desgarrigues@outlook.fr		1105 avenue Pierre MENDES-FRANCE			30000 NIMES	04 66 27 76 46	    	0	0	0	0	0	0	0	0	0	0	0	0	0	0	0	0	0	0	0	0	0	1	0	0	0	0	0	0	0	0	0	0	0	0	0	0	0	0	0	0	0	0	0	0	0	0	0	0	0	0	0	0	0	0	0	0	0	0	0	0	0	0	0	0	0	0	0	0	0	0	0	0	0	0	0	0	0	0	0	0	0	0	0	0	0	0	0	0	0	0	0	0	0	0	0	0	0	0	0	0	0	0	0	0	0	
76 - Occitanie	30 - Gard	2 - Nîmes	213002553 - Saint-Geniès-de-Malgoirès	200073302	SM Leins Gardonnenque	SMF	1	0	2016-12-28	2017-01-01	POPUL		17	15537	10	CBUDG	0	0	0		0		Mme	Véronique	POIGNET-SENGER		4 Rue Diderot		30190 SAINT-GENIES-DE-MALGOIRES	    	    						 	    	    	0	0	0	0	0	0	0	0	0	0	0	0	0	0	0	0	0	0	0	0	0	0	0	0	0	0	0	0	0	0	0	1	1	0	0	1	0	0	0	0	0	0	0	0	0	0	0	0	1	0	1	0	0	1	1	0	0	0	0	0	0	0	0	0	0	0	0	0	1	0	0	0	0	0	0	0	0	0	0	0	0	0	0	0	0	0	0	0	0	0	0	0	0	0	0	0	0	0	0	1	0	0	0	0	1	
76 - Occitanie	30 - Gard	2 - Nîmes	213003171 - Sernhac	200077519	SI d'aménagement du ruisseau de Bournigues à Sernhac	SMF	0	0	2017-12-18	2018-01-01	MEMNB		2	4987	1	CBUDG	0	0	0		0		M.	Gaël	DUPRET	Mairie de Sernhac			30210 SERNHAC	04 66 37 08 25	04 66 37 13 01	secretariat@marie-sernhac.fr		Mairie de SERNHAC	25 rue des Bourgades		30210 SERNHAC	04 30 06 52 30	04 66 37 13 01	0	0	0	0	0	0	0	0	0	0	0	0	0	0	1	0	0	0	0	0	0	0	0	0	0	0	0	0	0	0	0	0	0	0	0	0	0	0	0	0	0	0	0	0	0	0	0	0	0	0	0	0	0	0	0	0	0	0	0	0	0	0	0	0	0	0	0	0	0	0	0	0	0	0	0	0	0	0	0	0	0	0	0	0	0	0	0	0	0	0	0	0	0	0	0	0	0	0	0	0	0	0	0	0	0	
76 - Occitanie	30 - Gard	3 - Le Vigan	213003502 - Le Vigan	200078673	Syndicat de rivières du haut bassin de l'Hérault	SMF	0	1	2017-12-21	2018-01-01	POPUL		3	25490	4	CBUDG	0	0	0		0		M.	Marc	WELLER	Maison de l'Intercommunalité	3 Avenue Sergent Triaire		30120 LE VIGAN	04 99 54 27 00	    	infos@cc-paysviganais.fr					 	    	    	0	0	0	0	0	0	0	0	0	0	0	0	0	1	1	0	0	1	0	0	0	1	0	0	0	0	0	0	0	0	0	0	0	0	0	0	0	0	0	0	0	0	0	0	0	0	0	0	0	0	0	0	0	0	0	0	0	0	0	0	0	0	0	0	0	0	0	0	0	0	0	0	0	0	0	0	0	0	0	0	0	0	0	0	0	0	0	0	0	0	0	0	0	0	0	0	0	0	0	0	0	0	0	0	0	
76 - Occitanie	30 - Gard	2 - Nîmes	213003569 - Rodilhan	200090892	SM EPTB Vistre - Vistrenque	SMF	1	0	2019-12-03	2020-01-01	POPUL		5	330028	5	CBUDG	0	0	0		0		M.	Thierry	AGNEL	Mairie de Rodilhan	Place de la Mairie		30230 RODILHAN	04 66 84 55 11	04 66 38 11 93	contact@eptb-vistre.fr		7, avenue de la Dame	Zone Euro 2000		30132 CAISSARGUES	04 66 84 55 11	04 66 38 11 93	0	0	0	0	0	0	0	0	0	0	0	0	0	1	1	0	1	1	0	0	0	1	0	0	0	0	0	0	0	0	0	0	0	0	0	0	0	0	0	0	0	0	0	0	0	0	0	0	0	0	0	0	0	0	0	0	0	0	0	0	0	0	0	0	0	0	0	0	0	0	0	0	0	0	0	0	0	0	0	0	0	0	0	0	0	0	0	0	0	0	0	0	0	0	0	0	0	0	0	0	0	0	0	0	0	
76 - Occitanie	30 - Gard	2 - Nîmes	213000862 - Collorgues	200091155	SIVOM de la région de Collorgues	SMF	1	0	2019-09-10	2020-01-01	MEMNB		13	7854	2	CBUDG	0	0	0		0		M.	Jean-Paul	BOYER		Rue de la Coste		30190 COLLORGUES	04 66 81 20 58	04 66 81 20 58	regie.collorgues@wanadoo.fr		15 place de la République			30700 FOISSAC	04 66 22 03 00	04 66 81 20 58	0	0	0	0	0	0	1	1	0	0	0	0	0	0	0	0	0	0	0	0	0	0	0	0	0	0	0	0	0	0	0	0	0	0	0	0	0	0	0	0	0	0	0	0	0	0	0	0	0	0	0	0	0	0	0	0	0	0	0	0	0	0	0	0	0	0	0	0	0	0	0	0	0	0	0	0	0	0	0	0	0	0	0	0	0	0	0	0	0	0	0	0	0	0	0	0	0	0	0	0	0	0	0	0	0	
76 - Occitanie	30 - Gard	3 - Le Vigan	213001407 - Lasalle	200091197	SIAEP de Lasalle	SMF	0	0	2019-09-10	2020-01-01	MEMNB		4	2189	1	CBUDG	0	0	0		0		M.	Sébastien	MAGNY	Mairie de Lasalle			30460 LASALLE	    	    	siaep30.lasalle@orange.fr		Mairie de Saint-Félix-de-Pallières			30140 Saint-Félix-de-Pallières	04 66 61 64 45	    	0	0	0	0	0	0	1	0	0	0	0	0	0	0	0	0	0	0	0	0	0	0	0	0	0	0	0	0	0	0	0	0	0	0	0	0	0	0	0	0	0	0	0	0	0	0	0	0	0	0	0	0	0	0	0	0	0	0	0	0	0	0	0	0	0	0	0	0	0	0	0	0	0	0	0	0	0	0	0	0	0	0	0	0	0	0	0	0	0	0	0	0	0	0	0	0	0	0	0	0	0	0	0	0	0	
76 - Occitanie	30 - Gard	1 - Alès	213002041 - Potelières	200091783	SM Cèze Auzonnet	SMF	0	0	2019-09-25	2020-01-01	MEMNB		8	4028	1	CBUDG	0	0	0		0		M.	Pascal	MILESI	Mairie de Potelières			30500 POTELIERES	04 66 24 84 54	    	sivom.secretariat@gmail.com					 	    	    	0	0	0	0	0	0	1	0	0	0	0	0	0	0	0	0	0	0	0	0	0	0	0	0	0	0	0	0	0	0	0	0	0	0	0	0	0	0	0	0	0	0	0	0	0	0	0	0	0	0	0	0	0	0	0	0	0	0	0	0	0	0	0	0	0	0	0	0	0	0	0	0	0	0	0	0	0	0	0	0	0	0	0	0	0	0	0	0	0	0	0	0	0	0	0	0	0	0	0	0	0	0	0	0	0	
76 - Occitanie	30 - Gard	1 - Alès	213000292 - Barjac	200091817	SM des Eaux Gard - Ardèche	SMF	0	1	2019-10-14	2020-01-01	MEMNB		10	6482	1	CBUDG	0	0	0		0		M.	Edouard	CHAULET	Mairie de Barjac	Le Château		30430 BARJAC	04 66 24 50 70	    	syndicat-aep-barjac@orange.fr		Virginie ROUVEYROL	mairie de Barjac		30430 BARJAC	04 66 24 50 70	    	0	0	0	0	0	0	1	0	0	0	0	0	0	0	0	0	0	0	0	0	0	0	0	0	0	0	0	0	0	0	0	0	0	0	0	0	0	0	0	0	0	0	0	0	0	0	0	0	0	0	0	0	0	0	0	0	0	0	0	0	0	0	0	0	0	0	0	0	0	0	0	0	0	0	0	0	0	0	0	0	0	0	0	0	0	0	0	0	0	0	0	0	0	0	0	0	0	0	0	0	0	0	0	0	0	
76 - Occitanie	30 - Gard	3 - Le Vigan	213001399 - Lanuéjols	200093797	SIAEP du Causse Noir	SMF	0	1	1972-10-31	1973-01-01	MEMNB		6	1813	1	CBUDG	0	0	0		0		M.	Stéphane	GREMAIN	Mairie de Lanuéjols			30750 LANUEJOLS	    	    	siaep.causse.noir@nordnet.fr		Rue du Serre			30750 Lanuejols	09 80 40 73 79	    	0	0	0	0	0	0	1	0	0	0	0	0	0	0	0	0	0	0	0	0	0	0	0	0	0	0	0	0	0	0	0	0	0	0	0	0	0	0	0	0	0	0	0	0	0	0	0	0	0	0	0	0	0	0	0	0	0	0	0	0	0	0	0	0	0	0	0	0	0	0	0	0	0	0	0	0	0	0	0	0	0	0	0	0	0	0	0	0	0	0	0	0	0	0	0	0	0	0	0	0	0	0	0	0	0	
76 - Occitanie	30 - Gard	2 - Nîmes	213001035 - Domazan	253000152	SM des eaux du plateau de Signargues	SMF	0	1	2005-01-01	2005-01-01	MEMNB		4	12928	1	CBUDG	0	0	0		0		M.	Louis	DONNET	Mairie de Domazan			30390 DOMAZAN	04 66 57 03 28	04 66 57 09 74						 	    	04 66 57 09 74	0	0	0	0	0	0	1	0	0	0	0	0	0	0	0	0	0	0	0	0	0	0	0	0	0	0	0	0	0	0	0	0	0	0	0	0	0	0	0	0	0	0	0	0	0	0	0	0	0	0	0	0	0	0	0	0	0	0	0	0	0	0	0	0	0	0	0	0	0	0	0	0	0	0	0	0	0	0	0	0	0	0	0	0	0	0	0	0	0	0	0	0	0	0	0	0	0	0	0	0	0	0	0	0	0	
76 - Occitanie	30 - Gard	2 - Nîmes	213000136 - Argilliers	253001135	SMICTOM de la région d'Uzès	SMF	0	0	1970-02-09	1970-02-09	AUTR	2 délégués titulaires par commune représentée et 2 délégués suppléants	2	33794	1	CFISC	0	0	0	 	0	 	M.	Frédéric	LEVESQUE	Quartier Bord Nègre			30210 ARGILLIERS	04 66 03 48 48	04 66 03 47 47		www.sictomu.org				 	04 66 22 13 70	04 66 03 47 47	0	0	0	0	0	0	0	0	0	1	0	0	0	0	0	0	0	0	0	0	0	0	0	0	0	0	0	0	0	0	0	0	0	0	0	0	0	0	0	0	0	0	0	0	0	0	0	0	0	0	0	0	0	0	0	0	0	0	0	0	0	0	0	0	0	0	0	0	0	0	0	0	0	0	0	0	0	0	0	0	0	0	0	0	0	0	0	0	0	0	0	0	0	0	0	0	0	0	0	0	0	0	0	0	0	
76 - Occitanie	30 - Gard	2 - Nîmes	213003510 - Villeneuve-lès-Avignon	253001325	SMICTOM Rhône Garrigues	SMF	0	1	1975-02-07	1975-02-07	MEMNB		2	48383	1	CFISC	0	0	0	 	0	 	M.	François	ZANIRATO		Chemin communal des Sableyes		30400 VILLENEUVE-LEZ-AVIGNON	04 90 15 17 80	04 90 15 17 81	contact@smictomrhonegarrigues.fr					 	    	04 90 15 17 81	0	0	0	0	0	0	0	0	0	1	0	0	0	0	0	0	0	0	0	0	0	0	0	0	0	0	0	0	0	0	0	0	0	0	0	0	0	0	0	0	0	0	0	0	0	0	0	0	0	0	0	0	0	0	0	0	0	0	0	0	0	0	0	0	0	0	0	0	0	0	0	0	0	0	0	0	0	0	0	0	0	0	0	0	0	0	0	0	0	0	0	0	0	0	0	0	0	0	0	0	0	0	0	0	0	
76 - Occitanie	30 - Gard	1 - Alès	213003205 - Seynes	253002018	SM DFCI du Mont Bouquet	SMF	0	0	1988-02-08	2011-10-06	MEMNB		6	3186	1	CBUDG	0	0	0	 	0	 	M.	Jean-Christophe	PAYAN	Mairie de Seynes			30580 SEYNES	04 66 83 18 18	    	mairie-seynes@orange.fr	mairie@seynes.org	Mairie de Seynes	le village		30580 SEYNES	04 66 83 18 18	    	0	0	0	0	0	0	0	0	0	0	0	0	0	0	0	0	0	0	0	0	0	1	0	0	0	0	0	0	0	0	0	0	0	0	0	0	0	0	0	0	0	0	0	0	0	0	0	0	0	0	0	0	0	0	0	0	0	0	0	0	0	0	0	0	0	0	0	0	0	0	0	0	0	0	0	0	0	0	0	0	0	0	0	0	0	0	0	0	0	0	0	0	0	0	0	0	0	0	0	0	0	0	0	0	0	
76 - Occitanie	30 - Gard	1 - Alès	213002272 - Saint-Ambroix	253002349	SM d'aménagement des bassins versants de la Cèze et des affluents du Rhône	SMF	0	1	1991-01-01	1991-01-01	AUTR	Le nombre de délégués des communes et des EPCI est basé sur le montant de la cotisation.  Le Département est représenté par quatre délégués.	8	126180	5	CBUDG	0	0	0	 	0	 	M.	Benoit	TRICHOT		95 Chemin de la Carrière		30500 SAINT AMBROIX	04 66 25 32 22	04 66 25 32 22						 	    	04 66 25 32 22	0	0	0	0	0	0	0	0	0	0	0	0	0	1	1	0	1	1	0	0	0	1	0	0	0	0	0	0	0	0	0	0	0	0	0	0	0	0	0	0	0	0	0	0	0	0	0	0	0	0	0	0	0	0	0	0	0	0	0	0	0	0	0	0	0	0	0	0	0	0	0	0	0	0	0	0	0	0	0	0	0	0	0	0	0	0	0	0	0	0	0	0	0	0	0	0	0	0	0	0	0	0	0	0	0	
76 - Occitanie	30 - Gard	2 - Nîmes	213003213 - Sommières	253002539	SM EPTB Vidourle	SMF	1	1	1989-06-14	1989-06-14	AUTR		10	425242	6	CBUDG	0	0	0	 	0	 	M.	Pierre	MARTINEZ		216 Chemin de Campagne	CS 10202	30251 SOMMIERES	04 66 01 70 20	04 66 38 37 59			11, rue Court de Gébelin	Immeuble Le Neuilly		30000 NIMES	04 66 01 70 20	04 66 38 37 59	0	0	0	0	0	0	0	0	0	0	0	0	0	1	1	0	1	1	0	0	0	1	0	0	0	0	0	0	0	0	0	0	0	0	0	0	0	0	0	0	0	0	0	0	0	0	0	0	0	0	0	0	0	0	0	0	0	0	0	0	0	0	0	0	0	0	0	0	0	0	0	0	0	0	0	0	0	0	0	0	0	0	0	0	0	0	0	0	0	0	0	0	0	0	0	0	0	0	0	0	0	0	0	0	1	
76 - Occitanie	30 - Gard	2 - Nîmes	213001894 - Nîmes	253002711	SM EPTB Gardons	SMF	0	1	1995-02-24	1995-02-24	AUTR		8	375432	5	CBUDG	0	0	0	 	0	 	M.	Max	ROUSTAN		6 Avenue Général Leclerc		30000 NIMES	04 66 21 73 77	04 66 21 24 28	smage@les-gardons.com	www.les-gardons.com				 	    	04 66 21 24 28	0	0	0	0	0	0	0	0	0	0	0	0	0	1	1	0	1	1	0	0	0	1	0	0	0	0	0	0	0	0	0	0	0	0	0	0	0	0	0	0	0	0	0	0	0	0	0	0	0	0	0	0	0	0	0	0	0	0	0	0	0	0	0	0	0	0	0	0	0	0	0	0	0	0	0	0	0	0	0	0	0	0	0	0	0	0	0	0	0	0	0	0	0	0	0	0	0	0	0	0	0	0	0	0	0	
76 - Occitanie	30 - Gard	2 - Nîmes	213000201 - Aubord	253002786	SM de transport et de traitement des eaux usées d'Aubord et de la communauté d'agglomération de Nîmes Métropole	SMF	0	0	1996-01-26	1996-01-26	MEMNB		2	5824	1	CBUFI	0	0	0		0		M.	André	BRUNDU	Mairie d'Aubord	Place de la Mairie		30620 AUBORD	04 66 71 12 65	04 66 71 22 05						 	    	04 66 71 22 05	0	0	0	0	0	0	0	1	0	0	0	0	0	0	0	0	0	0	0	0	0	0	0	0	0	0	0	0	0	0	0	0	0	0	0	0	0	0	0	0	0	0	0	0	0	0	0	0	0	0	0	0	0	0	0	0	0	0	0	0	0	0	0	0	0	0	0	0	0	0	0	0	0	0	0	0	0	0	0	0	0	0	0	0	0	0	0	0	0	0	0	0	0	0	0	0	0	0	0	0	0	0	0	0	0	
76 - Occitanie	30 - Gard	3 - Le Vigan	213002637 - Saint-Hippolyte-du-Fort	253002869	SM de traitement des ordures ménagères et assimilés Aigoual Cévennes Vidourle (SYMTOMA)	SMF	0	1	1996-07-18	1996-07-18	AUTR	2 délégués par commune membres des EPCI membres	4	46648	1	CBUDG	0	0	0	 	0	 	M.	Pierre	COMPAN		Place des Casernes		30170 SAINT HIPPOLYTE DU FORT	04 66 77 98 29	04 66 77 90 88	contact@symtoma.org	www.symtoma.org	Place des enfants de troupe			30170 Saint-Hippolyte-du-Fort	04 66 77 98 29	    	0	0	0	0	0	0	0	0	0	1	0	0	0	0	0	0	0	0	0	0	0	0	0	0	0	0	0	0	0	0	0	0	0	0	0	0	0	0	0	0	0	0	0	0	0	0	0	0	0	0	0	0	0	0	0	0	0	0	0	0	0	0	0	0	0	0	0	0	0	0	0	0	0	0	0	0	0	0	0	0	0	0	0	0	0	0	0	0	0	0	0	0	0	0	0	0	0	0	0	0	0	0	0	0	0	
76 - Occitanie	30 - Gard	2 - Nîmes	213000326 - Beaucaire	253002919	SM Sud Rhône Environnement	SMF	0	1	1997-05-05	1997-05-05	POPUL		5	121406	1	CBUFI	0	0	0	 	0	 	M.	Philippe	ROUVIER-COROUGE	Mairie de Beaucaire	Place Georges Clemenceau		30300 BEAUCAIRE	04 66 59 06 51	    	srenv.secretariat@wanadoo.fr	www.sudrhoneenvironnement.org	360 avenue Pierre et Marie Curie	BP n° 5		30300 Beaucaire DDC1	04 66 59 06 51	04 66 59 30 40	0	0	0	0	0	0	0	0	0	1	0	0	0	0	0	0	0	0	0	0	0	0	0	0	0	0	0	0	0	0	0	0	0	0	0	0	0	0	0	0	0	0	0	0	0	0	0	0	0	0	0	0	0	0	0	0	0	0	0	0	0	0	0	0	0	0	0	0	0	0	0	0	0	0	0	0	0	0	0	0	0	0	0	0	0	0	0	0	0	0	0	0	0	0	0	0	0	0	0	0	0	0	0	0	0	
76 - Occitanie	30 - Gard	2 - Nîmes	213001894 - Nîmes	253002950	SITOM de la région Sud Gard	SMF	0	0	1997-12-12	1997-12-12	POPUL		7	311196	1	CBUDG	0	0	0	 	0	 	M.	Richard	TIBERINO	Immeuble Axiome	150 Rue Louis Landi		30900 NIMES	04 66 04 71 50	04 66 04 71 54	contact@sitomsudgard.fr	www.sitom-sud-gard.com	Immeuble Le Marc Aurèle	67, avenue Jean Jaures		30900 NIMES	04 66 04 71 50	04 66 04 71 54	0	0	0	0	0	0	0	0	0	1	0	0	0	0	0	0	0	0	0	0	0	0	0	0	0	0	0	0	0	0	0	0	0	0	0	0	0	0	0	0	0	0	0	0	0	0	0	0	0	0	0	0	0	0	0	0	0	0	0	0	0	0	0	0	0	0	0	0	0	0	0	0	0	0	0	0	0	0	0	0	0	0	0	0	0	0	0	0	0	0	0	0	0	0	0	0	0	0	0	0	0	0	0	0	0	
76 - Occitanie	30 - Gard	3 - Le Vigan	213000656 - Canaules-et-Argentières	253003024	SM d'eau potable du Frigoulous	SMF	0	0	2001-12-15	2001-12-15	MEMNB		3	3194	1	CBUDG	0	0	0	 	0	 	M.	Robert	CAHUT	Mairie de Canaules-et-Argentières			30350 CANAULES ET ARGENTIERES	04 66 77 31 04	    						 	    	    	0	0	0	0	0	0	1	0	0	0	0	0	0	0	0	0	0	0	0	0	0	0	0	0	0	0	0	0	0	0	0	0	0	0	0	0	0	0	0	0	0	0	0	0	0	0	0	0	0	0	0	0	0	0	0	0	0	0	0	0	0	0	0	0	0	0	0	0	0	0	0	0	0	0	0	0	0	0	0	0	0	0	0	0	0	0	0	0	0	0	0	0	0	0	0	0	0	0	0	0	0	0	0	0	0	
76 - Occitanie	30 - Gard	1 - Alès	213000078 - Alès	253003115	SMIRITOM de la Zone Nord du Plan départemental des déchets	SMF	0	0	2000-05-26	2000-05-26	POPUL		2	155976	1	CBUDG	0	0	0	 	0	 	M.	Christophe	RIVENQ	Batiment Atome	2 Rue Michelet		30100 ALES 	    	    						 	    	    	0	0	0	0	0	0	0	0	0	1	0	0	0	0	0	0	0	0	0	0	0	0	0	0	0	0	0	0	0	0	0	0	0	0	0	0	0	0	0	0	0	0	0	0	0	0	0	0	0	0	0	0	0	0	0	0	0	0	0	0	0	0	0	0	0	0	0	0	0	0	0	0	0	0	0	0	0	0	0	0	0	0	0	0	0	0	0	0	0	0	0	0	0	0	0	0	0	0	0	0	0	0	0	0	0	
76 - Occitanie	30 - Gard	2 - Nîmes	213001894 - Nîmes	253003297	SM SCOT Sud du Gard	SMF	0	0	2002-10-25	2002-10-25	AUTR	CA : 35 - CC  : 9	6	397421	1	CBUDG	0	0	0	 	0	 	M.	Frédéric	TOUZELLIER		3 Rue du Colisée		30900 NIMES	04 66 02 55 30	04 66 02 55 50						 	04 66 02 55 09	04 66 02 55 50	0	0	0	0	0	0	0	0	0	0	0	0	0	0	0	0	0	0	0	0	0	0	0	0	0	0	0	0	0	0	0	0	0	0	0	0	0	0	0	0	0	0	0	0	0	0	0	0	0	0	0	0	0	0	0	1	0	0	0	0	0	0	0	0	0	0	0	0	0	0	0	0	0	0	0	0	0	0	0	0	0	0	0	0	0	0	0	0	0	0	0	0	0	0	0	0	0	0	0	0	0	0	0	0	0	
76 - Occitanie	30 - Gard	1 - Alès	213000086 - Allègre-les-Fumades	253003370	SM du Pays des Cévennes	SMF	1	0	2004-06-08	2004-06-08	POPUL		2	155976	8	CBUDG	0	0	0	 	0	 	M.	Christope	RIVENQ	Maison de l'Eau			30500 Allegre-les-fumades	    	    			bâtiment ATOME,	2, rue Michelet		30100 ALES	    	    	0	0	0	0	0	0	0	0	1	0	0	0	0	0	0	0	0	0	0	0	0	0	0	0	0	0	0	0	0	0	0	1	0	0	0	0	0	0	0	0	0	0	1	0	0	0	0	0	0	0	0	0	0	0	0	1	1	0	0	0	0	0	0	0	0	0	0	0	0	0	0	0	1	0	0	0	0	0	0	0	0	0	0	0	0	0	0	0	0	0	0	0	0	1	0	0	0	0	0	0	1	0	0	0	0	
76 - Occitanie	30 - Gard	1 - Alès	213000078 - Alès	200003325	SM transports publics du bassin d'Alès	SMO	0	1	2006-05-25	2006-05-25	AUTR		2	136510	1	CBUDG	0	0	0	 	0	 	M.	Christophe	RIVENQ	Batiment Atome	2 Rue Michelet		30100 ALES	04 66 54 81 89	    	marie.fabre@ville-ales.fr			Secrétariat : Mme Marie FABRE		 	04 66 56 10 82	    	0	0	0	0	0	0	0	0	0	0	0	0	0	0	0	0	0	0	0	0	0	0	0	0	0	0	0	0	0	0	0	0	0	0	0	0	0	0	0	0	0	0	0	0	0	0	0	0	0	0	0	0	0	0	0	0	0	0	0	0	0	0	1	0	0	0	0	0	0	0	0	0	0	0	0	0	0	0	0	0	0	0	0	0	0	0	0	0	0	0	0	0	0	0	0	0	0	0	0	0	0	0	0	0	0	
76 - Occitanie	30 - Gard	3 - Le Vigan	213003502 - Le Vigan	200008266	SM du Grand Site de Navacelles	SMO	0	1	2006-11-16	2006-11-16	AUTR	Egalité pour les conseils généraux et en fonctin de la population pour les communautés de communes	4	25372	1	CBUDG	0	0	0	 	0	 	M.	Laurent	PONS	Maison de l'Intercommunalité	3 Avenue Sergent Triaire		30120 LE VIGAN	04 99 54 27 03	04 99 54 27 36	grandsitenavacelles@orange.fr		3 avenue du Sergent Triaire	Mme Caroline SALAÜN directrice		 	04 99 54 27 03	    	0	0	0	0	0	0	0	0	0	0	0	0	0	0	0	0	0	0	0	0	0	1	0	0	0	0	0	0	0	0	0	0	0	0	0	0	0	0	0	0	0	0	0	0	0	0	0	0	0	0	0	0	0	0	0	0	0	0	0	0	0	0	0	0	0	0	0	0	0	0	0	0	0	0	0	0	0	0	0	0	0	0	0	0	0	0	0	0	0	0	0	0	0	0	0	0	0	0	0	0	0	0	0	0	0	
76 - Occitanie	30 - Gard	2 - Nîmes	213000326 - Beaucaire	253000020	SM d'équipement de la commune de Beaucaire	SMO	0	0	1972-08-23	1972-08-23	MEMNB		2	15836	1	CBUDG	0	0	0	 	0	 	Mme	Marjorie	GONCALVES		1 Avenue de la Croix Blanche		30300 BEAUCAIRE	04 66 76 33 33	    						 	04 66 59 92 66	    	0	0	0	0	0	0	0	0	0	0	0	0	0	0	0	0	0	0	0	0	0	0	0	0	0	0	0	0	0	0	0	0	0	0	0	0	0	0	0	0	0	0	1	0	0	0	0	0	0	0	0	0	0	0	0	0	0	0	0	0	0	0	0	0	0	0	0	0	0	0	0	0	0	0	0	0	0	0	0	0	0	0	0	0	0	0	0	0	0	0	0	0	0	0	0	0	0	0	0	0	0	0	0	0	0	
76 - Occitanie	30 - Gard	1 - Alès	213002439 - Saint-Christol-lez-Alès	253002224	SM d'aménagement et de gestion du Gardon d'Alès	SMO	0	0	1990-10-10	1990-10-10	MEMNB		3	136510	1	CBUDG	0	0	0	 	0	 	M.	Alain	PARISOT	Mairie de Saint-Christol-les-Alès	41 Rue des Marmouzets		30380 SAINT CHRISTOL LES ALES	04 66 60 74 04	    						 	    	    	0	0	0	0	0	0	0	0	0	0	0	0	0	0	1	0	0	0	0	0	0	0	0	0	0	0	0	0	0	0	0	0	0	0	0	0	0	0	0	0	0	0	0	0	0	0	0	0	0	0	0	0	0	0	0	0	0	0	0	0	0	0	0	0	0	0	0	0	0	0	0	0	0	0	0	0	0	0	0	0	0	0	0	0	0	0	0	0	0	0	0	0	0	0	0	0	0	0	0	0	0	0	0	0	0	
76 - Occitanie	30 - Gard	2 - Nîmes	213001894 - Nîmes	253002489	SM des Gorges du Gardon (SMGG)	SMO	0	0	1993-04-20	1993-04-20	AUTR		11	17161	1	CBUDG	0	0	0	 	0	 	Mme	Dominique	ANDRIEU-BONNET	Hôtel du Département	Rue Guillemette		30044 NIMES Cedex	04 66 76 77 61	04 66 76 52 76			2 rue de la pente 	Hameau de Russan		30190 Sainte Anastasie	    	04 66 76 52 76	0	0	0	0	0	0	0	0	0	0	0	0	0	0	0	0	0	0	0	0	0	1	0	0	0	0	0	0	0	0	0	0	0	0	0	0	0	0	0	0	0	0	0	0	0	0	0	0	0	0	0	0	0	0	0	0	0	0	0	0	0	0	0	0	0	0	0	0	0	0	0	0	0	0	0	0	0	0	0	0	0	0	0	0	0	0	0	0	0	0	0	0	0	0	0	0	0	0	0	0	0	0	0	0	0	
76 - Occitanie	30 - Gard	2 - Nîmes	213001894 - Nîmes	253002588	SM pour la protection et la gestion de la Camargue Gardoise	SMO	0	0	1993-07-12	1993-07-12	AUTR		9	61181	1	CBUDG	0	0	0		0		M.	Robert	CRAUSTE	Hôtel du Département	Rue Guillemette		30044 NIMES cedex 9	04 66 76 78 55	04 66 75 52 76						 	    	04 66 75 52 76	0	0	0	0	0	0	0	0	0	0	0	0	0	0	0	0	0	0	0	0	0	1	0	0	0	0	0	0	0	0	0	0	0	0	0	0	0	0	0	0	0	0	0	0	0	0	0	0	0	0	0	0	0	0	0	0	0	0	0	0	0	0	0	0	0	0	0	0	0	0	0	0	0	0	0	0	0	0	0	0	0	0	0	0	0	0	0	0	0	0	0	0	0	0	0	0	0	0	0	0	0	0	0	0	0	
76 - Occitanie	30 - Gard	2 - Nîmes	213002413 - Saint-Chaptes	200037877	Pôle Métropolitain Nîmes-Alès	POLEM	0	0	2012-12-21	2012-12-21	MEMNB		2	399445	5	CBUDG	0	0	0		0		M.	Christophe	RIVENQ	Mairie de Saint-Chaptes	Place du Champ de Foire		30190 SAINT-CHAPTES	04 66 81 20 21	04 66 81 89 98	secretariat.pole.citoyennete@ville-ales.fr		Mairie d'Alès	Secrétariat syndicat	place de l'hotel de ville	30100 Alès	04 66 86 64 11	    	0	0	0	0	0	0	0	0	0	0	0	0	0	0	0	0	0	0	0	0	0	0	0	0	0	0	0	0	0	0	0	0	0	0	0	0	0	0	0	0	0	0	1	0	0	0	0	0	0	0	0	0	1	0	0	0	0	0	0	0	1	0	0	1	0	0	0	0	0	0	0	0	0	0	0	0	0	0	0	0	0	0	0	0	0	0	0	0	0	0	0	0	0	0	0	0	0	0	0	0	1	0	0	0	0	
76 - Occitanie	30 - Gard	2 - Nîmes	213003346 - Uzès	200074920	PETR Uzège Pont du Gard	PETR	0	0	2017-03-14	2017-03-14	MEMNB		2	55850	2	CBUDG	0	0	0		0		M.	Philippe	MARCHESI		2 Rue Joseph Lacroix		30700 UZES	06 52 78 58 63	    	claire.madelaine@scot-uzege-pontdugard.fr	www.scot.2030.fr				 	    	    	0	0	0	0	0	0	0	0	0	0	0	0	0	0	0	0	0	0	0	0	0	0	0	0	0	0	0	0	0	0	0	0	0	0	0	0	0	0	0	0	0	0	0	0	0	0	0	0	0	0	0	0	0	0	0	1	0	0	0	0	0	0	0	0	0	0	0	1	0	0	0	0	0	0	0	0	0	0	0	0	0	0	0	0	0	0	0	0	0	0	0	0	0	0	0	0	0	0	0	0	0	0	0	0	0	
76 - Occitanie	30 - Gard	3 - Le Vigan	213003502 - Le Vigan	200075794	PETR Causses et Cévennes	PETR	0	0	2017-06-21	2017-07-01	MEMNB		2	15635	2	CBUDG	0	0	0		0		Mme	Sylvie	PAVLISTA	Maison de l'Intercommunalité	3 Avenue Sergent Triaire		30120 LE VIGAN	    	    						 	    	    	0	0	0	0	0	0	0	0	0	0	0	0	0	0	0	0	0	0	0	0	0	0	0	0	0	0	0	0	0	0	0	0	0	0	0	0	0	0	0	0	0	0	0	0	0	0	0	0	0	0	0	0	0	0	0	1	0	0	0	0	0	0	0	0	0	0	0	1	0	0	0	0	0	0	0	0	0	0	0	0	0	0	0	0	0	0	0	0	0	0	0	0	0	0	0	0	0	0	0	0	0	0	0	0	0	
76 - Occitanie	30 - Gard	2 - Nîmes	213003411 - Vauvert	200077857	PETR Vidourle Camargue	PETR	0	1	2017-12-26	2017-12-26	POPUL		5	154770	1	CBUDG	0	0	0		0		M.	Pierre	MARTINEZ		83 Rue Pierre Aubanel		30470 Aimargues	04 34 14 80 00	04 66 80 29 58	contact@pays-vidourlecamargue.fr					 	    	04 66 80 29 58	0	0	0	0	0	0	0	0	0	0	0	0	0	0	0	0	0	0	0	0	0	0	0	0	0	0	0	0	0	0	0	0	0	0	0	0	0	0	0	0	0	0	0	0	0	0	0	0	0	0	0	0	0	0	0	0	0	0	0	0	0	0	0	0	0	0	0	1	0	0	0	0	0	0	0	0	0	0	0	0	0	0	0	0	0	0	0	0	0	0	0	0	0	0	0	0	0	0	0	0	0	0	0	0	0	
76 - Occitanie	30 - Gard	2 - Nîmes	213001894 - Nîmes	200086163	PETR Garrigues et Costières de Nîmes	PETR	0	0	2018-12-14	2019-01-01	AUTR	10 sièges de titulaire et 10 sièges de suppléants par collectivité	2	294638	1	CBUDG	0	0	0		0		M.	Rémi	NICOLAS		1 Rue du Colisée		30900 NIMES	04 66 02 54 12	04 66 28 91 02						 	    	04 66 28 91 02	0	0	0	0	0	0	0	0	0	0	0	0	0	0	0	0	0	0	0	0	0	0	0	0	0	0	0	0	0	0	0	0	0	0	0	0	0	0	0	0	0	0	0	0	0	0	0	0	0	0	0	0	0	0	0	0	0	0	0	0	0	0	0	0	0	0	0	1	0	0	0	0	0	0	0	0	0	0	0	0	0	0	0	0	0	0	0	0	0	0	0	0	0	0	0	0	0	0	0	0	0	0	0	0	0	
